Folder Foto Tanaman https://drive.google.com/drive/folders/1xuIrua6khL1btxkMDoHzMf02LAqRrNAs?usp=sharing,,,,,,
"Anggit: peat, loam;    Novi: clay, silt;    Rhazes: sand, chalk",,,,,,
No,Tanaman,Foto,Deskripsi,Nama Latin,Tanah,Sumber Deskripsi
1,Kaktus,TRUE,"Kaktus dapat tumbuh pada waktu yang lama tanpa air. Kaktus biasa ditemukan di daerah-daerah yang kering (gurun). Kata jamak untuk kaktus adalah kakti. Kaktus memiliki akar yang panjang untuk mencari air dan memperlebar penyerapan air dalam tanah. Air yang diserap kaktus disimpan dalam ruang di batangnya. Kaktus juga memiliki daun yang berubah bentuk menjadi duri sehingga dapat mengurangi penguapan air lewat daun. Oleh sebab itu, kaktus dapat tumbuh pada waktu yang lama tanpa air.",Cactaceae,Sand,"https://id.wikipedia.org/wiki/Kaktus
https://drecampbell.com/plants-that-grow-sandy-soil/ "
2,Lobak,TRUE,"Lobak (Raphanus raphanistrum subsp. sativus) adalah tumbuhan yang masuk ke dalam famili Brassicaceae. Bentuk umbi lobak seperti wortel, tetapi isi dan kulitnya berwarna putih. Tanaman lobak berasal dari Tiongkok, dan telah banyak diusahakan di Indonesia. Tanaman yang mudah ditanam baik di dataran rendah maupun pegunungan.

Saat ini daerah yang banyak ditanami lobak adalah dataran tinggi Pangalengan, Pacet, Cipanas, dan Bedugul. Luas areal tanaman lobak di Indonesia saat ini berkisar 15.700 hektare.",Raphanus raphanistrum,Sand,"https://id.wikipedia.org/wiki/Lobak 
https://lifestyle.kompas.com/read/2023/02/15/145012820/kenali-6-jenis-tanah-dan-tanaman-yang-cocok-sebelum-berkebun?page=all "
3,Wortel,TRUE,"Wortel (serapan dari bahasa Belanda: wortel) (Daucus carota subsp. sativus) adalah tumbuhan biennial (siklus hidup 12 - 24 bulan) yang menyimpan karbohidrat dalam jumlah besar untuk tumbuhan tersebut berbunga pada tahun kedua. Batang bunga tumbuh setinggi sekitar 1 m, dengan bunga berwarna putih, dan rasa yang manis langu. Bagian yang dapat dimakan dari wortel adalah bagian umbi atau akarnya.

Wortel adalah tumbuhan biennial dalam famili umbellifer, Apiaceae. Pada awalnya, ia menumbuhkan roset daun sambil membangun akar tunggang yang membesar. Kultivar yang tumbuh cepat matang dalam waktu tiga bulan (90 hari) setelah menabur benih, sedangkan kultivar yang lebih lambat membutuhkan waktu satu bulan lebih lama (120 hari). Akarnya mengandung alfa dan beta-karoten dalam jumlah tinggi, dan merupakan sumber vitamin K dan vitamin B6 yang baik.",Daucus carota,Sand,https://id.wikipedia.org/wiki/Wortel 
4,Oregano,TRUE,Oregano (Origanum vulgare) adalah sebuah tanaman yang biasa ditanam di Mediterania dan Asia tengah dan selatan. Tanaman ini biasanya cocok digunakan untuk membuat makanan seperti pizza dan spaghetti. Tanaman ini memiliki panjang 20–80 cm.,Origanum vulgare,Sand,https://id.wikipedia.org/wiki/Oregano
5,Thyme,TRUE,"Timi (Thymus) merupakan sebuah tanaman yang terdiri dari 350 spesies. Tanaman ini memiliki khasiat universal. Bila dibuat teh, akan membantu pencernaan dan mengatasi gejala demam. Biasanya ditanam di Eropa, Afrika Utara dan Asia. Cocok digunakan sebagai teh dan bahan makanan.",Thymus,Sand,https://id.wikipedia.org/wiki/Timi
6,Buah Naga,TRUE,"Buah naga (Inggris: Pitaya) adalah buah dari beberapa jenis kaktus dari genus Hylocereus dan Selenicereus. Buah ini berasal dari Meksiko, Amerika Tengah dan Amerika Selatan namun sekarang juga dibudidayakan di negara-negara Asia seperti Taiwan, Vietnam, Filipina, Indonesia dan Malaysia. Buah ini juga dapat ditemui di Okinawa, Israel, Australia utara dan Tiongkok selatan. Hylocereus hanya mekar pada malam hari.

Pada tahun 1870 tanaman ini dibawa orang Prancis dari Guyana ke Vietnam sebagai tanaman hias. Oleh orang Vietnam dan orang Cina buahnya dianggap membawa berkah. Oleh sebab itu, buah ini selalu diletakkan di antara dua ekor patung naga berwarna hijau di atas meja altar. Warna merah buah terlihat mencolok di antara warna naga-naga yang hijau. Kebiasaan inilah yang membuat buah tersebut di kalangan orang Vietnam yang sangat terpengaruh budaya Cina dikenal sebagai Thang Loy (Buah Naga). Istilah Thang Loy kemudian diterjemahkan di Eropa dan negara lain yang berbahasa Inggris sebagai Dragon Fruit (Buah Naga).",Hylocereus dan Selenicereus,Sand,https://id.wikipedia.org/wiki/Buah_naga
7,Jambu Biji,TRUE,"Jambu biji (Psidium guajava ) atau sering juga disebut jambu batu, jambu siki dan jambu klutuk adalah tanaman tropis yang berasal dari Brasil, disebarkan ke Indonesia melalui Thailand. Jambu batu memiliki buah yang berwarna hijau dengan daging buah berwarna hijau atau merah dan berasa asam-manis. Buah jambu batu dikenal mengandung banyak vitamin C.",Psidium guajava,Sand,https://id.wikipedia.org/wiki/Jambu_biji
8,Ceri,TRUE,"Ceri (Prunus subg. Cerasus) adalah subgenus tumbuhan dari Prunus, dengan ciri-ciri memiliki bunga corymbs kecil majemuk (tidak sendiri-sendiri, atau dalam racemes), dan memiliki buah yang halus dengan hanya alur lemah di satu sisi, atau tidak ada alur. Subgenus adalah tanaman asli daerah beriklim belahan bumi utara, dengan dua spesies di Amerika, tiga di Eropa, dan sisanya di Asia.",Prunus subg. Cerasus,Sand,"https://id.wikipedia.org/wiki/Ceri#:~:text=Karena%20kebutuhan%20akan%20iklim%20yang,lebih%20dari%20700%20m%20dpl). "
9,Anggur,TRUE,"Anggur merupakan buah yang diolah dari telur buah berupa perdu merambat yang termasuk ke dalam keluarga Vitaceae.[1] Buah ini biasanya digunakan untuk membuat jus anggur, jelly, minuman anggur, minyak biji anggur dan kismis, atau dimakan langsung.[1] Buah ini juga dikenal karena mengandung banyak senyawa polifenol dan resveratol yang berperan aktif dalam berbagai metabolisme tubuh, serta mampu mencegah terbentuknya sel kanker dan berbagai penyakit lainnya.[2] Aktivitas ini juga terkait dengan adanya senyawa metabolit sekunder di dalam buah anggur yang berperan sebagai senyawa antioksidan yang mampu menangkal radikal bebas.[3][4]",Vitis,Sand,https://id.wikipedia.org/wiki/Anggur 
10,Kurma,TRUE,"Kurma, (Arab: نخل, Nakhla; bahasa Latin: Phoenix dactylifera) adalah tanaman palma (Arecaceae) dalam genus Phoenix, buahnya dapat dimakan. Walaupun tempat asalnya tidak diketahui karena telah sejak lama dibudidayakan, kemungkinan tanaman ini berasal dari tanah sekitar Teluk Persia.[1] Buahnya dijadikan makanan pokok di daerah Timur Tengah dan Afrika Utara. Pohonnya berukuran sedang dengan tinggi sekitar 15–25 m, tumbuh secara tunggal atau membentuk rumpun pada sejumlah batang dari sebuah sistem akar tunggal. Daunnya memiliki panjang 3–5 m, dengan duri pada tangkai daun, menyirip dan mempunyai sekitar 150 pucuk daun muda; daun mudanya berukuran dengan panjang 30 cm dan lebar 2 cm. Rentangan penuh mahkotanya berkisar dari 6–10 m.",Phoenix dactylifera,Sand,https://id.wikipedia.org/wiki/Kurma_(pohon)
11,Blueberry,TRUE,"Bluberi atau beri biru adalah tanaman berbunga dalam genus Vaccinium, bagian Cyanococcus. Spesies ini tumbuh di Amerika Utara.[1] Berupa semak yang ukurannya mulai 10 cm hingga 4 m; spesies terkecil dikenal sebagai ""bluberry semak rendah"" (sama dengan ""liar""), dan spesies terbesar adalah ""bluberi semak tinggi"". Daunnya berganti atau hijau sepanjang tahun, ovate hingga lanceolate, dan mulai 1–8 cm panjangnya dan lebar 0.5-3.5 cm. Bunganya berbentuk bel, putih, merah atau merah muda pucat, kadang-kadang kehijau-hijauan.",Vaccinium corymbosum,Sand,https://id.wikipedia.org/wiki/Bluberi
12,Citrus,TRUE,"Citrus adalah genus pohon berbunga dan semak dalam keluarga rue, Rutaceae. Tumbuhan dalam genus menghasilkan buah jeruk, termasuk tanaman penting seperti jeruk, lemon, jeruk bali, pomelo, dan limau. Genus Citrus berasal dari Asia Selatan, Asia Timur, Asia Tenggara, Melanesia, dan Australia. Berbagai spesies citrus telah digunakan dan didomestikasi oleh budaya asli di daerah ini sejak zaman kuno. Dari sana budidayanya menyebar ke Mikronesia dan Polinesia oleh ekspansi Austronesia (s. 3000-1500 SM); dan ke Timur Tengah dan Mediterania (s. 1200 SM) melalui jalur perdagangan dupa, dan seterusnya ke Eropa dan Amerika.[",Citrus,Sand,https://id.wikipedia.org/wiki/Citrus 
13,Almond,TRUE,"Badam,[1] almon[2] atau amandel[3] (Prunus amygdalus) adalah bagian dari subkeluarga Prunoidae dari keluarga Rosaceae. Tumbuhan ini berada di klasifikasi yang sama dengan persik dalam subgenus Amygdalus di dalam Prunus. Buah badam merupakan buah yang dihasilkan oleh pohon Prunus dulcis (nama sinonimnya: Amygdalus communis).[4]

Jika biasanya buah Prunus dilapisi oleh daging buah yang manis seperti yang ada pada prem dan ceri, pada buah badam digantikan oleh pelapis dengan tekstur seperti bahan kulit, yang di dalam cangkang kerasnya mengandung biji yang dapat dimakan, biasanya disebut sebagai kacang. ",Prunus amygdalus,Sand,https://id.wikipedia.org/wiki/Badam
14,Lavender,TRUE,"Lavender atau lavendel (serapan dari Belanda: lavendel) adalah genus tumbuhan berbunga dalam suku Lamiaceae yang tersusun atas 25-30 spesies. Asal tumbuhan ini adalah dari wilayah selatan Laut Tengah sampai Afrika tropis dan ke timur sampai India—Dunia Lama. Genus ini termasuk tumbuhan menahun, tumbuhan dari jenis rumput-rumputan, semak pendek, dan semak kecil. Tanaman ini juga tersebar di Kepulauan Canaria, Afrika Utara dan Timur, Eropa selatan (terutama Prancis selatan), Arabia, dan India; banyak darinya ditanam dan dikembangkan secara luas di iklim sedang sebagai tanaman hias, bahan kuliner, dan ekstrak minyak esensial untuk keperluan komersial. Tumbuhan ini sering ditemukan tumbuh liar di daerah di luar daerah asalnya.",Lavandula,Sand,https://id.wikipedia.org/wiki/Lavender
15,Geranium,TRUE,"Geranium adalah salah satu dari sekelompok sekitar 300 spesies tumbuhan abadi atau semak dalam keluarga Geraniaceae. Tumbuhan ini sebagian besar asli ke Afrika Selatan. Warna bunga Geranium terdiri dari warna putih, merah muda, merah dan ungu. Sebagian besar spesies dari Geranium yang dibudidayakan adalah hibrida. Tanaman ini memiliki bunga ganda dan campuran warna serta kelopak bunga. Selain dengan cara stek batang, Geranium juga dapat diperbanyak menggunakan biji. Tanaman ini sebagian besar diperbanyak dengan cara stek batang. Kebanyakan tumbuhan Geranium mekar saat tengah musim panas, tetapi ada pula beberapa spesies yang mekar di musim semi dan musim gugur. Tanaman ini tumbuh 6 inci sampai 4 meter tergantung pada varietas. Tumbuhan ini dapat tumbuh dengan baik pada penyinaran cahaya matahari yang penuh serta tanah yang kering.",Geranium,Sand,https://id.wikipedia.org/wiki/Geranium
16,Zukini,TRUE,"Zukini (dari bahasa Italia, zucchini (jamak) atau zucchino (tunggal)) adalah sejenis labu kecil yang buahnya dipanen sebelum matang untuk dijadikan sayuran. Sayuran ini merupakan salah satu bentuk budi daya dari Cucurbita pepo. Di Prancis, Inggris, dan negara-negara Benelux sayuran ini lebih populer sebagai courgette (dibaca ""kurzet""). Warna luar buahnya bisa kuning serta hijau tua atau muda. Bentuknya biasanya mirip mentimun, meskipun ada pula yang berbentuk bulat atau seperti botol, tergantung kultivarnya.",Cucurbita pepo var. cylindrical,Sand,https://id.wikipedia.org/wiki/Zukini
17,Paprika,TRUE,"Paprika (Capsicum annuum L.) adalah tumbuhan penghasil buah yang berasa manis dan sedikit pedas dari suku terong-terongan atau Solanaceae). Buahnya yang berwarna hijau, kuning, merah, atau ungu sering digunakan sebagai campuran salad. Dalam pengertian internasional, paprika dipakai untuk menyatakan hampir semua varietas Capsicum annuum. Nama-nama tertentu, seperti pepperoni, diberikan untuk paprika dengan ciri penampilan, penggunaan, atau rasa yang khas.",C. annuum,Sand,https://id.wikipedia.org/wiki/Paprika 
18,Asparagus,TRUE,"Asparagus atau akar parsi (Asparagus officinalis) dalam pengertian umum adalah suatu jenis sayuran dari satu spesies tumbuhan genus Asparagus. Asparagus telah digunakan sejak lama sebagai bahan makanan karena rasanya yang sedap dan sifat diuretiknya. Dengan adanya sifat diuretik tersebut, asparagus berkhasiat untuk memperlancar saluran urin sehingga mampu memperbaiki kinerja ginjal. Asparagus merupakan sumber terbaik asam folat nabati, sangat rendah kalori, tidak mengandung lemak atau kolesterol, serta mengandung sangat sedikit natrium. Tumbuhan ini juga merupakan sumber rutin, suatu senyawa yang dapat memperkuat dinding kapiler.",A. officinalis,Sand,https://id.wikipedia.org/wiki/Asparagus 
19,Radish,TRUE,"Lobak (Raphanus raphanistrum subsp. sativus) adalah tumbuhan yang masuk ke dalam famili Brassicaceae. Bentuk umbi lobak seperti wortel, tetapi isi dan kulitnya berwarna putih. Tanaman lobak berasal dari Tiongkok, dan telah banyak diusahakan di Indonesia. Tanaman yang mudah ditanam baik di dataran rendah maupun pegunungan.

Saat ini daerah yang banyak ditanami lobak adalah dataran tinggi Pangalengan, Pacet, Cipanas, dan Bedugul. Luas areal tanaman lobak di Indonesia saat ini berkisar 15.700 hektare.",R. raphanistrum,Sand,https://en.wikipedia.org/wiki/Radish
20,Kelapa,TRUE,"Kelapa atau nyiur (Cocos nucifera) adalah anggota tunggal dalam genus Cocos dari suku aren-arenan atau Arecaceae.[2] Arti kata kelapa (atau coconut, dalam bahasa Inggris)[3] dapat merujuk pada keseluruhan pohon kelapa, biji, atau buah, yang secara botani adalah pohon berbuah, bukan pohon kacang-kacangan.

Istilah coconut dalam bahasa Inggris berasal dari kata Portugis dan Spanyol abad ke-16, coco yang berarti ""kepala"" atau ""tengkorak"" setelah tiga lekukan pada tempurung kelapa yang menyerupai fitur wajah. Tumbuhan ini dimanfaatkan hampir semua bagiannya oleh manusia sehingga dianggap sebagai tumbuhan serbaguna, terutama bagi masyarakat pesisir. Kelapa juga adalah sebutan untuk buah yang dihasilkan tumbuhan ini",Cocos nucifera,Sand,https://id.wikipedia.org/wiki/Kelapa
21,Palem,TRUE,"Arecaceae, Suku pinang-pinangan, atau suku palem-paleman adalah keluarga botani tanaman tahunan. Kelapa dikenal seluruh penduduk kepulauan tropika sebagai tumbuhan serba guna. Demikian pula enau dan pinang. Pemanfaatannya mencakup hampir semua bagian tumbuhan, tetapi terutama adalah buahnya. Masyarakat Indonesia, khususnya di Maluku, memanfaatkan tanaman ini sebagai makanan pokok yaitu sagu yang diambil dari batangnya jenis Metroxylon sago, hal ini merupakan keunikan tersendiri dalam hal makanan pokok masyarakat di dunia. Suku ini dulu dikenal sebagai Palmae dan mencakup semua tumbuhan yang biasa disebut palma atau palem.",Arecaceae,Sand,https://id.wikipedia.org/wiki/Arecaceae
22,Telinga Gajah,TRUE,"Alocasia pergiii , telinga gajah yang kuat , adalah spesies tumbuhan berbunga dalam keluarga Araceae , yang berasal dari dataran tinggi New Guinea . [1] [2] Kadang-kadang dipelihara sebagai tanaman hias, spesies yang belum dikembangkan dan beberapa kultivar beraneka ragam tersedia secara komersial",Alocasia pergiii,Chalk,https://en.wikipedia.org/wiki/Alocasia_wentii
23,Bayam ,TRUE,"Bayam jepang atau horenso (Spinacia oleracea) (dari Bahasa Jepang ""ホウレンソウ"") adalah sayuran yang dimakan daunnya, dari genus Spinacia. Di Indonesia dapat dijumpai di supermarket dan kadang dikenal sebagai spinach (dari bahasa Inggris), berbeda dengan bayam (Amaranthus) yang banyak dikenal di Indonesia sebagai ""spinach"". Horenso biasanya tidak cocok untuk daerah beriklim tropis seperti Indonesia karena cepat berbunga sehingga tidak menumbuhkan banyak daun.",Spinacia oleracea,Chalk,https://id.wikipedia.org/wiki/Bayam_jepang
24,Cabbage,TRUE,"Kubis atau kol (terdiri dari beberapa kelompok kultivar dari Brassica oleracea) adalah tanaman dua tahunan hijau atau ungu berdaun, ditanam sebagai tanaman tahunan sayuran untuk kepala padat berdaunnya. Erat kaitannya dengan tanaman cole lainnya, seperti brokoli, kembang kol, dan kubis brussel, itu diturunkan dari B. oleracea var. oleracea, kubis lapangan liar. Kepala kubis umumnya berkisar 05 hingga 4 kilogram (10 hingga 9 pon), dan dapat berwarna hijau, ungu dan putih. Kubis hijau berkepala keras berdaun halus adalah yang paling umum, dengan kubis merah berdaun halus dan kubis savoy berdaun crinkle dari kedua warna terlihat lebih jarang. Kubis adalah sayuran yang berlapis-lapis. Dalam kondisi hari diterangi matahari panjang seperti yang ditemukan di garis lintang utara di musim panas, kubis dapat tumbuh jauh lebih besar. Beberapa rekor dibahas pada akhir bagian sejarah.",Brassica oleracea,Chalk,https://id.wikipedia.org/wiki/Kubis
25,Jagung Manis,TRUE,"Jagung manis (Zea mays Kelompok Saccharata) adalah salah satu kelompok budidaya/kelompok kultivar. Jagung manis juga mempunyai peran secara komersial, setelah jagung biasa (juga biasa disebut jagung ladang atau field corn). Keistimewaannya adalah kandungan gula (terutama sukrosa) yang tinggi pada waktu dipanen. Pemanenan untuk produksi selalu dilakukan pada saat muda (tahap ""masak susu"", kira-kira 18-22 hari setelah penyerbukan terjadi).

Rasa manis pada waktu panen terjadi karena jagung ini mengalami mutasi pada satu atau beberapa gen yang mengatur pembentukan rantai polisakarida, sehingga bulir-bulir jagungnya gagal membentuk pati dalam jumlah yang cukup banyak. Akibat kegagalan ini, ketika mengering bulirnya akan mengeriput.",Zea mays,Chalk,https://id.wikipedia.org/wiki/Jagung_manis
26,Lilac,TRUE,"Syringa vulgaris (lailak atau lailak umum) adalah sebuah spesies tumbuhan berbunga dalam famili zaitun Oleaceae, yang berasal dari Semenanjung Balkan, di mana tumbuhan tersebut tumbuh di perbukitan berbatu.[1][2][3] Spesies tersebut banyak ditanam sebagai hiasan dan telah di bawa ke belahan Eropa lainnya (termasuk Britania Raya, Prancis, Jerman, dan Italia), serta sebagian besar Amerika Utara.

Keluarga Oleaceae ini memiliki lebih dari 20 spesies tanaman yang berbeda, termasuk zaitun, ash, dan melati. Dalam spesies mereka, ada lebih dari 1.000 ragam lailak, termasuk beberapa pohon. Pohon Lailak Peking dan Lailak Jepang dapat mencapai ketinggian lebih dari 30 kaki",S. vulgaris,Chalk,https://id.wikipedia.org/wiki/Syringa_vulgaris
27,Weigela,TRUE,"Weigela /waɪˈdʒiːlə/ is a genus of between six and 38 species of deciduous shrubs in the family Caprifoliaceae, growing to 1–5 m (3–15′) tall. All are natives of eastern Asia. The genus is named after the German scientist Christian Ehrenfried Weigel.[",Wigela,Chalk,https://en.wikipedia.org/wiki/Weigela
28,Akebia,TRUE,"Buah yang mungil bening ini berisi bijian kecil. Aromanya wangi persis cokelat. Karenanya buahnya diolah menjadi berbagai hidangan. Digoreng, diberi bumbu miso hingga dibuat tempura,. Hadirnya buah ini jadi tanda awal musim gugur.

Akebia adalah tanaman berbunga yang banyak tersebar di Asia Timur. Akebia memiliki 5 spesies berbeda seperti diantaranya akebia trifoliata dan akebia quinata. Kedua jenis akebia ini sama-sama berasal dari Jepang, China dan Korea.",Akebia,Chalk,https://yoursay.suara.com/health/2022/05/31/094702/yuk-kenali-asal-usul-dan-segudang-manfaat-buah-akebia
29,Ivy,TRUE,"Hedera, yang umum disebut ivy, adalah sebuah genus dari 12-15 spesies tumbuhan berkayu merambat atau menanjak hijau abadi dalam keluarga Araliaceae. Tumbuhan tersebut tersebar dari Eropa barat, tengah dan selatan, Makaronesia, Afrika barat laut, Asia selatan sampai Jepang dan Taiwan.",Hedera,Chalk,https://id.wikipedia.org/wiki/Hedera
30,Melati,TRUE,"Melati (Jasminum ) merupakan tanaman bunga hias berupa perdu berbatang tegak yang hidup menahun. Melati merupakan genus dari semak dan tanaman merambat dalam keluarga zaitun (Oleaceae). Terdiri dari sekitar 200 spesies tumbuhan asli daerah beriklim tropis dan hangat dari Eurasia, Australasia dan Oseania, melati secara luas dibudidayakan untuk aroma khas bunganya yang harum. Di Indonesia, salah satu jenis melati telah dipilih menjadi ""puspa bangsa"" atau bunga simbol nasional yaitu melati putih (Jasminum sambac), karena bunga ini melambangkan kesucian dan kemurnian, serta dikaitkan dengan berbagai tradisi dari banyak suku di negara ini. Bunga ini merupakan bagian yang tidak terpisahkan dari hiasan rambut pengantin perempuan dalam upacara perkawinan berbagai suku di Indonesia, terutama suku Jawa dan Sunda. Jenis lain yang juga populer adalah melati gambir (J. officinale). ",Jasminum,Chalk,https://id.wikipedia.org/wiki/Melati
31,Melati Putri,TRUE,"Lonicera japonica adalah tumbuhan merambat[1] yang bisa tumbuh hingga ketinggian 10 meter atau lebih pada pohon, dengan daun berbentuk oval berukuran panjang 3–8 centimeter dan lebar 2-3 centimeter. Batang yang masih muda berwarna sedikit merah dan berbulu. Batang tua berwarna coklat.[2] bunganya berwarna putih hingga kuning, dan beraroma manis vanilla. Buahnya[2] adalah buah beri berwarna hitam dengan diameter 3–4 milimeter dan mengandung beberapa biji.[3] Nektar bunganya bisa dikonsumsi, namun, semua bagian seain itu berpotensi beracun.",Lonicera japonica,Chalk,https://id.wikipedia.org/wiki/Lonicera_japonica
32,Pohon Jati,TRUE,"Jati merupakan salah satu jenis tanaman yang bermanfaat besar bagi manusia, kayu jati sendiri menjadi salah satu jenis kayu yang paling berkualitas dan memiliki harga yang mahal dipasaran. Tanaman jati sendiri merupakan salah satu jenis tanaman yang cocok ditanam di tanah kapur. Meskipun miskin unsure hara, tanah kapur justru sangat baik bagi pertumbuhan tanaman jati. Pohon jati yang ditanam di tanah kapur akan dapat tumbu h menjulang tinggi yang tentunya merupakan kayu jenis kualitas pertama dan merupakan produk unggulan.

 Tanaman pohon jati juga merupakan jenis tanaman yang tidak banyak membutuhkan air dan relative sedikit membutuhkan kandungan unsure hara. Sedangkan karakteristik dari tanah kapur sendiri adalah miskin unsure hara serta juga tidak mudah menyerap air dan bahkan relative sangat mudah dilalui air.",Tectona grandis,Chalk,https://ilmubudidaya.com/jenis-tanaman-yang-cocok-untuk-tanah-kapur
33,Srikaya,TRUE,"Srikaya (bahasa Latin: Annona squamosa), adalah tanaman yang tergolong ke dalam genus Annona yang berasal dari daerah tropis.

Buah srikaya berbentuk bulat dengan kulit bermata banyak (serupa sirsak). Daging buahnya berwarna putih.

Termasuk semak semi-hijau abadi atau pohon yang meranggas mencapai 8 m tingginya. Daunnya berselang, sederhana, lembing membujur, 7–12 cm panjangnya, dan berlebar 3–4 cm. Bunganya muncul dalam tandan sebanyak 3—4, tiap bunga berlebar 2–3 cm, dengan enam daun bunga/kelopak, kuning-hijau berbintik ungu di dasarnya.

Buahnya biasanya bundar atau mirip kerucut cemara, berdiameter 6–10 cm, dengan kulit berbenjol dan bersisik. Daging buahnya putih, menyerupai dan memiliki rasa seperti podeng.",Annona squamosa,Chalk,https://id.wikipedia.org/wiki/Srikaya
34,Lidah Buaya,TRUE,"Lidah buaya (Aloe vera) adalah spesies tumbuhan dengan daun berdaging tebal dari genus Aloe. Tumbuhan ini bersifat menahun, berasal dari Jazirah Arab, dan tanaman liarnya telah menyebar ke kawasan beriklim tropis, semi-tropis, dan kering di berbagai belahan dunia. Tanaman lidah buaya banyak dibudidayakan untuk pertanian, pengobatan, dan tanaman hias, dan dapat juga ditanam di dalam pot.

Lidah buaya banyak ditemukan dalam produk seperti minuman, olesan untuk kulit, kosmetika, atau obat luar untuk luka bakar. Walaupun banyak digunakan secara tradisional maupun komersial, uji klinis terhadap tanaman ini belum membuktikan keefektifan atau keamanan ekstrak lidah buaya untuk pengobatan maupun kecantikan.",Aloe vera,Chalk,https://id.wikipedia.org/wiki/Lidah_buaya
35,Air Mata Pengantin,TRUE,"Air mata pengantin (Antigonon) adalah tumbuhan memanjat (liana) anggota suku Polygonaceae yang berasal dari Amerika Tengah. Dengan dua atau tiga jenis anggota, tumbuhan ini adalah penghias taman yang populer. Pada masa kolonial Belanda, air mata pengantin menjadi penghias taman dan pekarangan. Tumbuhan ini dapat dengan cepat tumbuh dan menjadi gulma.",Antigonon,Chalk,https://id.wikipedia.org/wiki/Air_mata_pengantin
36,Sedum,TRUE,"Sedum adalah genus tumbuhan berbunga dalam famili Crassulaceae. Mulanya genus dideskripsikan mengandung hingga 600 spesies tumbuhan, namun kini dikurangi hingga menjadi 400–500 spesies tumbuhan. Mereka adalah sukulen daun yang ditemukan terutama di Belahan Bumi Utara, tetapi meluas ke belahan bumi selatan di Afrika dan Amerika Selatan. Anggotanya bervariasi, mulai dari herba tahunan dan merayap hingga semak. Anggotanya memiliki daun yang menyimpan air. Bunganya biasanya memiliki lima kelopak, namun ada juga yang empat atau enam tetapi jarang. Biasanya ada benang sari dua kali lebih banyak dari kelopak bunganya. Berbagai spesies yang sebelumnya diklasifikasikan sebagai anggota genus ini sekarang berada dalam genus Hylotelephium dan Rhodiola.",Sedum,Chalk,https://id.wikipedia.org/wiki/Sedum
37,Bolivian Jew,TRUE,"Tanaman tahunan membentuk tikar yang merambat. Tunas yang berbunga menanjak. Daunnya yang berdaging dan halus tumbuh lebih kecil ke arah ujung pucuk. Bilah daun berbentuk lonjong hingga lanset, panjang 1-3,5 sentimeter dan lebar 0,6-1 sentimeter. Pada daun bagian distal, helaiannya lebih sempit daripada selubung daun yang terbuka dan menyebar. Tumbuh dengan cepat, berkembang biak dengan mudah dengan tunas panjang dan menjalar yang berakar di setiap simpul, segera setelah berada di tanah.",C. repens,Chalk,https://en.wikipedia.org/wiki/Callisia_repens
38,Lidah Mertua,TRUE,"Sansevieria adalah genus tanaman berbunga yang dikenal secara historis, asli Afrika, terutama Madagaskar, dan Asia selatan, sekarang termasuk dalam genus Dracaena berdasarkan studi filogenetik molekuler. Nama umum untuk 70 atau lebih spesies yang sebelumnya ditempatkan dalam genus termasuk lidah mertua.",Sansevieria,Chalk,https://id.wikipedia.org/wiki/Sansevieria
39,Poison Rope,TRUE,"Strophanthus petersianus, umumnya dikenal sebagai tali racun hutan pasir, adalah liana atau semak daun yang panjangnya mencapai 15 meter (50 kaki), dengan diameter batang hingga 10 sentimeter (4 inci). Bunganya yang harum memiliki mahkota bunga berwarna putih, terkadang dengan garis-garis merah muda kemerahan di bagian dalam, Strophanthus petersianus telah digunakan sebagai racun panah dan oleh suku Zulu sebagai jimat untuk melawan kejahatan. Habitatnya adalah hutan pantai dan hutan berbatu. Tanaman ini berasal dari negara-negara dari Kenya ke selatan hingga Afrika Selatan.",S. petersianus,Chalk,https://en.wikipedia.org/wiki/Strophanthus_petersianus
40,Jade Vine,TRUE,"Strongylodon macrobotrys, umumnya dikenal sebagai tanaman rambat giok, tanaman rambat zamrud atau tanaman rambat giok pirus, adalah spesies tanaman liana (tanaman rambat berkayu) abadi polongan yang endemik di hutan tropis Filipina. Nama lokalnya adalah tayabak. Anggota Fabaceae (keluarga kacang-kacangan dan buncis) ini berkerabat dekat dengan kacang-kacangan seperti kacang merah dan kacang panjang. Strongylodon macrobotrys diserbuki oleh kelelawar.",S. macrobotrys,Chalk,https://en.wikipedia.org/wiki/Strongylodon_macrobotrys
41,Petrea,TRUE,"Petrea adalah genus tumbuhan hijau abadi (evergreen) yang tumbuh merambat, aslinya berasal dari Meksiko dan Amerika Tengah. Karena daunnya memiliki tekstur yang kasar sehingga petrea sering dijuluki sebagai sandpaper vine (amplas rambat).

Petrea pertama kali diperkenalkan di Amerika bagian tropis dan populer sebagai tanaman hias merambat di pagar selama bertahun-tahun. Karena pertumbuhannya merambat sehingga ia membutuhkan penopang seperti pagar rumah. Selain itu, petrea juga cocok dijadikan sebagai tanaman gantung.",Petrea,Chalk,https://en.wikipedia.org/wiki/Petrea
42,Rotan,TRUE,"Rotan adalah sekelompok palma dari puak (tribus) Calameae yang memiliki habitus memanjat, terutama Calamus, Daemonorops, dan Oncocalamus. Puak Calameae sendiri terdiri dari sekitar enam ratus anggota, dengan daerah persebaran di bagian tropis Afrika, Asia dan Australasia. Ke dalam puak ini termasuk pula marga Salacca ( misalnya salak), Metroxylon (misalnya rumbia/sagu), serta Pigafetta yang tidak memanjat, dan secara tradisional tidak digolongkan sebagai tumbuhan rotan.

Batang rotan biasanya langsing dengan diameter 2–5 cm, beruas-ruas panjang, tidak berongga, dan banyak yang dilindungi oleh duri-duri panjang, keras, dan tajam. Duri ini berfungsi sebagai alat pertahanan diri dari herbivora, sekaligus membantu pemanjatan, karena rotan tidak dilengkapi dengan sulur. Suatu batang rotan dapat mencapai panjang ratusan meter. Batang rotan mengeluarkan air jika ditebas dan dapat digunakan sebagai cara bertahan hidup di alam bebas. Badak jawa diketahui juga menjadikan rotan sebagai salah satu menunya.

Sebagian besar rotan berasal dari hutan di Indonesia, seperti Sumatra, Jawa, Borneo, Sulawesi, dan Nusa Tenggara. Indonesia memasok 70% kebutuhan rotan dunia. Sisa pasar diisi dari Malaysia, Filipina, Sri Lanka, dan Bangladesh.

Rotan cepat tumbuh dan relatif mudah dipanen serta ditransprotasi. Ini dianggap membantu menjaga kelestarian hutan, karena orang lebih suka memanen rotan daripada kayu.",Daemonorops Draco,Peat,https://id.wikipedia.org/wiki/Rotan
43,Kembang Kol,TRUE,"Kembang kol atau bunga kol merupakan tumbuhan yang termasuk dalam kelompok botrytis dari jenis Brassica oleracea (suku Brassicaceae). Selain itu, tumbuhan ini sebagai sayuran juga lazim dikenal sebagai kubis bunga yang merupakan terjemahan harfiah dari bahasa Belanda bloemkool. Kata blumkol juga dikenal secara lazim.[1]

Kubis bunga berbentuk mirip dengan brokoli. Perbedaannya, kubis bunga memiliki kepala bunga yang banyak dan teratur dengan padat. Hanya ""kepala"" kembang kol yang lazim dimakan (dalam literatur berbahasa Inggris disebut white curd). Pada dasar kepala tersebut terdapat daun-daun hijau yang tebal dan tersusun rapat. Kubis bunga juga mirip dengan kubis romanesco.

Kembang kol merupakan sumber vitamin dan mineral dan lazimnya dimakan dengan dimasak terlebih dahulu, meskipun dapat pula dimakan mentah maupun dijadikan acar.",Brassica oleracea var. botrytis,Peat,https://id.wikipedia.org/wiki/Kembang_kol
44,Kubis,TRUE,"Kubis atau kol (terdiri dari beberapa kelompok kultivar dari Brassica oleracea) adalah tanaman dua tahunan hijau atau ungu berdaun, ditanam sebagai tanaman tahunan sayuran untuk kepala padat berdaunnya. Erat kaitannya dengan tanaman cole lainnya, seperti brokoli, kembang kol, dan kubis brussel, itu diturunkan dari B. oleracea var. oleracea, kubis lapangan liar. Kepala kubis umumnya berkisar 05 hingga 4 kilogram (10 hingga 9 pon), dan dapat berwarna hijau, ungu dan putih. Kubis hijau berkepala keras berdaun halus adalah yang paling umum, dengan kubis merah berdaun halus dan kubis savoy berdaun crinkle dari kedua warna terlihat lebih jarang. Kubis adalah sayuran yang berlapis-lapis. Dalam kondisi hari diterangi matahari panjang seperti yang ditemukan di garis lintang utara di musim panas, kubis dapat tumbuh jauh lebih besar. Beberapa rekor dibahas pada akhir bagian sejarah.",Brassica oleracea var. capitata,Peat,https://id.wikipedia.org/wiki/Kubis
45,Romanesko,TRUE,"Romanesko (bahasa Italia: romanesco) atau Brokoli Romanesco atau Kembang Kol Romawi adalah sayuran bunga yang masih merupakan variasi dari kubis bunga, dari spesies Brassica oleracea. Catatan mengenainya ditemukan pertama kali di Italia pada abad ke-16. Bentuknya khas karena memiliki tonjolan-tonjolan seperti piramida.",Brassica oleracea 'Romanesco',Peat,https://id.wikipedia.org/wiki/Romanesko
46,Brokoli,TRUE,"Brokoli (Brassica oleracea L. Kelompok Italica) adalah tanaman yang sering dibudidayakan sebagai sayur. Brokoli adalah kultivar dari spesies yang sama dengan kubis dan kembang kol, yaitu Brassica oleracea. Brokoli berasal dari daerah Laut Tengah dan sudah sejak masa Yunani Kuno dibudidayakan. Sayuran ini masuk ke Indonesia belum lama (sekitar 1970-an) dan kini cukup populer sebagai bahan pangan.

Bagian brokoli yang dimakan adalah kepala bunga berwarna hijau yang tersusun rapat seperti cabang pohon dengan batang tebal. Sebagian besar kepala bunga tersebut dikelilingi dedaunan. Brokoli paling mirip dengan kembang kol, namun brokoli berwarna hijau, sedangkan kembang kol putih.

Cara menanam brokoli adalah disemai setelah tumbuh 3-4 daun sejati kemudian ditanam (dijadikan bibit terlebih dahulu). Masa panen adalah 55- 100 hari (tergantung varietas). Brokoli merupakan tanaman yang hidup pada cuaca dingin.",Brassica oleracea var. italica,Peat,https://id.wikipedia.org/wiki/Brokoli
47,Kailan,TRUE,"Kailan (芥蘭, jièlán, Brassica oleracea Kelompok alboglabra) adalah sayuran yang berdaun tebal, datar, mengkilap, berwarna hijau, dengan batang tebal dan sejumlah kecil kepala bunga berukuran kecil hampir vestigial mirip dengan bunga pada brokoli. Kailan merupakan salah satu kultivar yang termasuk dalam spesies yang sama dengan brokoli dan kembang kol, yaitu Brassica oleracea.

Kailan sering digunakan dalam masakan Tionghoa, dan terutama dalam masakan Kanton. Sayur ini lazim ditumis dengan bumbu jahe dan bawang putih, atau direbus dan dihidangkan dengan saus tiram. Daun maupun batang kailan dapat dimakan, biasanya dipotong-potong kecil sebelum dimasak.",Brassica oleracea var. Alboglabra,Peat,https://id.wikipedia.org/wiki/Kailan
48,Kacang Polong,TRUE,"Ercis, kacang ercis, atau kacang polong (Lathyrus oleraceus Lam., suku polong-polongan atau Fabaceae) merupakan tumbuhan penghasil sayuran berupa biji berwarna hijau. Ercis didatangkan oleh kolonial Belanda ke Indonesia karena sayuran ini populer di Eropa sebagai bagian dari salad atau sup. Nama ""ercis"" adalah pinjaman dari bahasa Belanda (erwtjes, ""ercis kecil"").

Biji ercis kaya karbohidrat serta protein dan cepat membuat kenyang ketika dimakan.

Tumbuhan yang berasal dari Asia Kecil ini masih sejenis dengan kapri (sering kali dicampuradukkan penamaannya). Berbeda dengan kapri, ercis hanya dimakan bijinya dan hampir tidak pernah dimakan dengan polongnya seperti kapri. Sejak ribuan tahun lalu telah dimanfaatkan sebagai bahan pangan namun sekarang penggunaannya lebih banyak sebagai sayuran atau pakan.

Dalam budidaya di Indonesia, ercis tumbuh baik di daerah pegunungan berhawa sejuk dengan ketinggian 700 meter di atas permukaan laut, pada suhu seperti di daerah asalnya.",Pisum sativum,Peat,https://id.wikipedia.org/wiki/Ercis
49,Kacang Hijau,TRUE,"Kacang hijau (Vigna radiata) adalah sejenis palawija yang dikenal luas di daerah tropika. Tumbuhan yang termasuk suku polong-polongan (Fabaceae) ini memiliki banyak manfaat dalam kehidupan sehari-hari sebagai sumber bahan pangan berprotein nabati tinggi. Kacang hijau di Indonesia menempati urutan ketiga terpenting sebagai tanaman pangan legum, setelah kedelai dan kacang tanah.

Bagian paling bernilai ekonomi adalah bijinya. Biji kacang hijau direbus hingga lunak dan dimakan sebagai bubur atau dimakan langsung. Biji matang yang digerus dan dijadikan sebagai isi onde-onde, bakpau, atau gandas turi. Kecambah kacang hijau menjadi sayuran yang umum dimakan di kawasan Asia Timur dan Asia Tenggara dan dikenal sebagai tauge. Kacang hijau bila direbus cukup lama akan pecah dan pati yang terkandung dalam bijinya akan keluar dan mengental, menjadi semacam bubur. Tepung biji kacang hijau, disebut di pasaran sebagai tepung hunkue, digunakan dalam pembuatan kue-kue dan cenderung membentuk gel. Tepung ini juga dapat diolah menjadi mi yang dikenal sebagai soun.",Vigna radiata,Peat,https://id.wikipedia.org/wiki/Kacang_hijau
50,Selada,TRUE,"Selada atau daun sla (Lactuca sativa) adalah tumbuhan sayur yang biasa ditanam di daerah beriklim sedang maupun daerah tropika. Kegunaan utama adalah sebagai salad. Selada digunakan dalam berbagai hidangan, termasuk sup, sandwich, dan bahkan bisa dipanggang Celtuce (selada asparagus) adalah salah satu jenis yang dihasilkan dari batangnya, yang dapat dimakan mentah atau dimasak. Selama ribuan tahun digunakan manusia, ia telah memperoleh nilai religius dan terapeutik di samping penggunaan utamanya sebagai sayuran. Awalnya, Eropa dan Amerika Utara mendominasi pasar selada, tetapi pada akhir abad kedua puluh, konsumsi selada telah menyebar ke seluruh dunia. Pada tahun 1969, produksi selada dan sawi putih dunia mencapai 27 juta ton, dengan China menyumbang 56% dari total.

Selada pertama kali dibudidayakan oleh orang Mesir kuno, yang mengubahnya dari tanaman yang berdaun lebar dan bijinya digunakan untuk mengekstrak minyak menjadi tanaman pangan berharga yang ditanam karena daunnya yang segar dan bijinya yang kaya minyak. Selada menyebar ke Yunani dan Romawi. Romawi menyebut sayur tersebut lactuca, yang kemudian diserap ke bahasa Inggris menjadi lettuce. Pada tahun 50 M, banyak jenis selada telah dideskripsikan, dan selada sering ditampilkan dalam tulisan abad pertengahan, termasuk beberapa obat herbal. ""Banyak varietas selada muncul di Eropa selama abad ke-16 dan ke-18. Pada pertengahan abad ke-18, terdapat kultivar yang dapat ditemukan di kebun ataupun pekarangan rumah.",Lactuca sativa,Peat,https://id.wikipedia.org/wiki/Selada_(tumbuhan)
51,Bayam,TRUE,"Bayam (Amaranthus) adalah tumbuhan yang biasa ditanam untuk dikonsumsi daunnya sebagai sayuran hijau. Tumbuhan ini berasal dari Amerika tropik namun sekarang tersebar ke seluruh dunia. Tumbuhan ini dikenal sebagai sayuran sumber zat besi yang penting bagi tubuh.

Bayam sebagai sayur hanya umum dikenal di Asia Timur dan Asia Tenggara, sehingga disebut dalam bahasa Inggris sebagai Chinese amaranth. Di Indonesia dan Malaysia, bayam sering disalahartikan menjadi ""spinach"" dalam bahasa Inggris (mungkin sebagai akibat penerjemahan yang dalam film kartun Popeye), padahal nama itu mengacu ke jenis sayuran daun lain - lihat Bayam (Spinacia).",Amaranthus,Peat,https://id.wikipedia.org/wiki/Bayam
52,Kubis Keriting (Kale),TRUE,"Kubis keriting atau kale, adalah tumbuhan kultivar yang termasuk dalam spesies Brassica oleracea yang ditanam untuk daunnya yang dapat dimakan, meskipun beberapa digunakan sebagai tanaman hias. Tumbuhan kale memiliki daun berwarna hijau atau ungu, dan daun pusatnya tidak membentuk kepala (seperti halnya kol yang dikepalai). Kales dianggap lebih dekat dengan kubis liar daripada sebagian besar bentuk Brassica oleracea yang dijinakkan.

Kubis keriting berasal dari Mediterania timur dan Asia Kecil, di mana ia dibudidayakan untuk makanan paling lambat tahun 2000 SM. Varietas kol berdaun keriting sudah ada bersama dengan varietas berdaun datar di Yunani pada abad ke-4 SM. Bentuk-bentuk ini, yang disebut oleh Romawi sebagai kale Sabellian, dianggap sebagai nenek moyang kale modern.",Brassica oleracea acephala group,Peat,https://id.wikipedia.org/wiki/Kubis_keriting
53,Wortel,TRUE,"Wortel (serapan dari bahasa Belanda: wortel) (Daucus carota subsp. sativus) adalah tumbuhan biennial (siklus hidup 12 - 24 bulan) yang menyimpan karbohidrat dalam jumlah besar untuk tumbuhan tersebut berbunga pada tahun kedua. Batang bunga tumbuh setinggi sekitar 1 m, dengan bunga berwarna putih, dan rasa yang manis langu. Bagian yang dapat dimakan dari wortel adalah bagian umbi atau akarnya.

Wortel adalah tumbuhan biennial dalam famili umbellifer, Apiaceae. Pada awalnya, ia menumbuhkan roset daun sambil membangun akar tunggang yang membesar. Kultivar yang tumbuh cepat matang dalam waktu tiga bulan (90 hari) setelah menabur benih, sedangkan kultivar yang lebih lambat membutuhkan waktu satu bulan lebih lama (120 hari). Akarnya mengandung alfa dan beta-karoten dalam jumlah tinggi, dan merupakan sumber vitamin K dan vitamin B6 yang baik.",Daucus,Peat,https://id.wikipedia.org/wiki/Wortel
54,Kentang,TRUE,"Kentang, ubi kentang, ubi belanda, atau ubi benggala adalah tanaman dari suku Solanaceae yang memiliki umbi batang yang dapat dimakan dan disebut ""kentang"". Umbi kentang sekarang telah menjadi salah satu makanan pokok penting di Eropa walaupun pada awalnya didatangkan dari Amerika Selatan.

Penjelajah Spanyol dan Portugis pertama kali membawa ke Eropa dan mengembangbiakkan tanaman ini.

Tanaman kentang asalnya dari Amerika Selatan dan telah dibudidayakan oleh penduduk di sana sejak ribuan tahun silam. Tanaman ini merupakan herba (tanaman pendek tidak berkayu) semusim dan menyukai iklim yang sejuk. Di daerah tropis cocok ditanam di dataran tinggi.",Solanum tuberosum,Peat,https://id.wikipedia.org/wiki/Kentang
55,Blueberry,TRUE,"Bluberi atau beri biru adalah tanaman berbunga dalam genus Vaccinium, bagian Cyanococcus. Spesies ini tumbuh di Amerika Utara.[1] Berupa semak yang ukurannya mulai 10 cm hingga 4 m; spesies terkecil dikenal sebagai ""bluberry semak rendah"" (sama dengan ""liar""), dan spesies terbesar adalah ""bluberi semak tinggi"". Daunnya berganti atau hijau sepanjang tahun, ovate hingga lanceolate, dan mulai 1–8 cm panjangnya dan lebar 0.5-3.5 cm. Bunganya berbentuk bel, putih, merah atau merah muda pucat, kadang-kadang kehijau-hijauan.",Vaccinium sect. Cyanococcus,Peat,https://id.wikipedia.org/wiki/Bluberi
56,Cranberry,TRUE,"Kranberi adalah buah yang dijadikan sebagai pelengkap hidangan pada hari-hari perayaan tertentu di Amerika. Buah ini termasuk ke dalam golongan buah beri dan termasuk ke dalam makanan sehat, dalam satu cangkir kranberi hanya mengandung 25 kalori.

Kranberi merupakan buah asli dari Amerika dan dipanen pada bulan September dan Oktober saja, buah ini dapat disimpan hingga dua bulan lamanya.",Vaccinium subg. Oxycoccus,Peat,https://id.wikipedia.org/wiki/Kranberi
57,Lingonberry,TRUE,"Lingonberry (Vaccinium vitis-idaea) adalah semak kecil yang selalu hijau yang berasal dari hutan boreal dan tundra Arktik di seluruh Belahan Bumi Utara, mulai dari Eropa dan Asia hingga Amerika Utara. Tanaman ini umumnya dikenal sebagai cowberry, partridgeberry, mountain cranberry, atau lingonberry. Tanaman ini menghasilkan buah merah yang dapat dimakan, rasanya asam dan sedikit manis. Lingonberry kaya akan antioksidan, sifat anti-inflamasi, dan senyawa lain yang bermanfaat bagi kesehatan.",Vaccinium vitis-idaea,Peat,https://en.wikipedia.org/wiki/Vaccinium_vitis-idaea
58,Rhododendron,TRUE,"Rhododendron (/ˌroʊdəˈdɛndrən/), yang sering disebut sebagai rhodies, adalah genus tumbuhan berkayu yang terdiri dari 1,024 spesies. Nama genus ini berasal dari bahasa Yunani Kuno, di mana ""rhódon"" berarti ""mawar"" dan ""déndron"" berarti ""pohon"". Tumbuhan ini termasuk dalam keluarga Ericaceae dan dapat ditemukan di berbagai wilayah, terutama di Asia dan Dataran Tinggi Selatan Pegunungan Appalachian di Amerika Utara. Rhododendron menjadi bunga nasional Nepal. Sebagian besar spesiesnya menghasilkan bunga yang mekar mulai dari akhir musim dingin hingga awal musim panas.",Rhododendron,Peat,https://id.wikipedia.org/wiki/Rhododendron
59,Pakis Rusa,TRUE,"Pakis rusa (Struthiopteris spicant, sinonim: Blechnum spicant) adalah sejenis pakis yang termasuk dalam keluarga Blechnaceae, dikenal dengan nama umum pakis rusa atau hard-fern. Tanaman ini bersifat tahan terhadap suhu rendah hingga mencapai -20 °C (-4 °F) dan bersifat hijau sepanjang tahun. Pakis rusa dapat tumbuh hingga ketinggian sekitar 0,5 meter (1 kaki 8 inci).

Tanaman ini memiliki daun dengan dua jenis, yaitu daun steril dan daun subur. Daun steril memiliki daun-daun yang datar dengan tepi yang berombak-ombak berukuran 5 hingga 8 milimeter, sementara daun subur memiliki daun-daun yang jauh lebih sempit, masing-masing dengan dua baris sori tebal pada bagian bawahnya.

Pakis rusa adalah tanaman asli di Eropa, Asia Barat, Afrika Utara, dan bagian Barat Amerika Utara. Nama ilmiahnya, Struthiopteris spicant, memiliki arti yang tidak pasti, mungkin merujuk pada kebiasaan tanaman ini yang tumbuh bergerombol atau berbentuk seperti duri.

Tanaman ini pertama kali dijelaskan oleh Carl Linnaeus pada tahun 1753 dengan nama Osmunda spicant dan kemudian ditempatkan dalam berbagai genera, termasuk Blechnum. Menurut klasifikasi Pteridophyte Phylogeny Group tahun 2016 (PPG I), tanaman ini ditempatkan dalam genus Struthiopteris, dalam subfamili Blechnoideae. Pakis rusa juga telah meraih Penghargaan Taman yang Diberikan oleh Royal Horticultural Society.",Struthiopteris spicant,Peat,https://en.wikipedia.org/wiki/Struthiopteris_spicant
60,Paku Tanduk Rusa,TRUE,"Paku tanduk rusa adalah sekelompok tumbuhan paku epifit yang semuanya tergabung dalam genus Platycerium. Tumbuhan ini memiliki penampilan yang khas karena memiliki dua tipe ental dengan fungsi dan bentuk yang jelas berbeda, dengan salah satu tipe entalnya bercabang-cabang berbentuk seperti tanduk rusa. Tumbuhan paku yang juga dikenal sebagai simbar menjangan ini dapat tumbuh liar di berbagai penjuru daerah tropika dan subtropika Asia, Afrika, dan Australia, dengan satu jenis ditemukan di pegunungan Amerika Selatan.",Platycerium spp.,Peat,https://id.wikipedia.org/wiki/Paku_tanduk_rusa
61,Cedar Jepang,TRUE,"Cryptomeria (secara harfiah berarti ""bagian yang tersembunyi"") adalah genus tunggal dalam keluarga pohon konifer Cupressaceae, yang dulunya termasuk dalam keluarga Taxodiaceae. Genus ini hanya mencakup satu spesies, yaitu Cryptomeria japonica (sinonim: Cupressus japonica L.f.). Pada awalnya dianggap sebagai endemik di Jepang, di mana pohon ini dikenal sebagai Sugi (杉).

Pohon ini disebut sebagai Japanese cedar atau Japanese redwood dalam bahasa Inggris. Cryptomeria japonica telah diperkenalkan dan dibudidayakan secara luas untuk produksi kayu di Kepulauan Azores.

Cryptomeria japonica memiliki kegunaan ekonomi yang penting sebagai pemasok kayu yang berharga. Pohon ini dapat tumbuh tinggi dan membentuk hutan-hutan yang indah di Jepang. Namanya dalam bahasa Inggris mencerminkan penggunaan kayunya dan kemiripan dengan cedar (sejenis pohon konifer). Meskipun asal-usulnya di Jepang, Cryptomeria japonica telah diperkenalkan ke berbagai wilayah di dunia karena kegunaannya sebagai kayu bangunan dan hiasan.",Cryptomeria japonica,Peat,https://en.wikipedia.org/wiki/Cryptomeria
62,Apel,TRUE,"Apel adalah buah yang dihasilkan oleh pohon apel (Malus domestica). Buah apel umumnya memiliki kulit merah saat masak, namun dapat juga berwarna hijau atau kuning. Kulitnya agak lembek dan daging buahnya keras, serta berisi beberapa biji di dalamnya.

Asal-usul penanaman apel dimulai di Asia Tengah dan saat ini pohon apel dapat ditemukan di berbagai daerah dengan suhu udara yang lebih dingin di seluruh dunia. Nama ilmiah pohon apel dalam bahasa Latin adalah Malus domestica. Apel budi daya merupakan hasil perkawinan antara Malus sieversii asal Asia Tengah dan sebagian genom dari Malus sylvestris (apel hutan/apel liar).

Apel sebagian besar dikonsumsi mentah dan juga banyak digunakan dalam berbagai hidangan. Apel dapat dimasak hingga lembek untuk membuat saus apel atau diolah menjadi minuman sari buah apel.

Pohon apel adalah pohon berdaun gugur dengan tinggi mencapai 3–12 meter, memiliki tajuk lebar dan beranting. Daun-daunnya berbentuk lonjong dengan panjang 5–12 centimeter dan lebar 3–6 centimeter. Bunga apel mekar pada musim semi bersamaan dengan perkecambahan daun, berwarna putih dengan sentuhan merah jambu yang memudar. Bunga apel memiliki lima kelopak dengan diameter 2,5 hingga 3,5 cm. Buah apel masak pada musim gugur dengan diameter kisaran 5 hingga 9 centimeter. Inti buah apel memiliki lima gynoecium yang tersusun seperti bintang lima mata, masing-masing berisi satu hingga tiga biji.",Malus domestica.,Loam,https://id.wikipedia.org/wiki/Apel
63,Pir,TRUE,"Pir adalah pohon yang berasal dari daerah beriklim tropis di Eropa Barat, Asia dan Afrika Utara. Pohon berketinggian sedang, bisa mencapai 10-17 meter tapi sebagian spesies merupakan pohon yang pendek yang memiliki daun yang rimbun.

Daun berselang-seling, berbentuk lonjong yang lebar tapi bisa juga berbentuk membujur panjang (lanceolate) yang langsing. Panjang antara 2 sampai 12 cm. Pada sebagian spesies, daun berwarna hijau mengkilat atau sedikit berbulu berwarna keperakan. Sebagian besar pohon merontokkan daunnya di musim dingin (deciduous) dengan perkecualian dua spesies Pir di Asia Tenggara selalu berdaun hijau sepanjang tahun (evergreen).

Pohon sangat tahan cuaca membeku di musim dingin hingga −25 °C and −40 °C kecuali spesies yang selalu berdaun hijau hanya tahan dingin sampai −15 °C.

Bunga mekar di sekitar bulan April, berwarna putih dengan sedikit aksen warna kuning atau merah jambu. Bunga terdiri dari 5 daun mahkota. Diameter bunga antara 2 sampai 4 cm. Buah bertipe buah pome dengan diameter 1–4 cm pada spesies liar, sedangkan pohon hasil budidaya menghasilkan buah pir berukuran besar dengan ukuran sampai 18 × 8 cm. Bentuk buah beraneka ragam, sebagian besar spesies menghasilkan buah berbentuk bulat. Sebagian spesies seperti Pir Eropa menghasilkan buah yang bentuknya membesar di bagian bawah dan langsing di bagian pangkal buah. Buah siap panen di awal musim gugur.",Pyrus,Loam,https://id.wikipedia.org/wiki/Pir
64,Anggur,TRUE,"Anggur adalah buah yang dihasilkan oleh tanaman merambat berjenis perdu yang termasuk dalam keluarga Vitaceae.Buah ini sering digunakan untuk menghasilkan jus anggur, jelly, minuman anggur, minyak biji anggur, kismis, atau dikonsumsi langsung.Selain menjadi sumber rasa yang lezat, anggur juga dikenal karena kandungan senyawa polifenol dan resveratol yang berperan aktif dalam berbagai proses metabolisme tubuh. Senyawa-senyawa ini diyakini memiliki kemampuan mencegah pembentukan sel kanker dan berbagai penyakit lainnya.

Aktivitas ini dikaitkan dengan keberadaan senyawa metabolit sekunder di dalam buah anggur, yang bertindak sebagai senyawa antioksidan. Senyawa ini mampu melawan radikal bebas dan mendukung kesehatan tubuh secara keseluruhan.

Budidaya anggur telah dimulai sejak sekitar tahun 4000 SM di Timur Tengah. Meskipun begitu, proses pengolahan anggur menjadi minuman anggur baru ditemukan sekitar tahun 2500 SM oleh masyarakat Mesir. Penemuan ini kemudian dengan cepat menyebar ke berbagai belahan dunia, termasuk daerah di sekitar Laut Hitam, Spanyol, Jerman, Prancis, dan Austria.Perjalanan Columbus juga berperan dalam menyebarkan buah anggur ke berbagai penjuru dunia, mengakibatkan penyebaran dan popularitasnya yang semakin pesat.",Vitis Vinifera,Loam,https://id.wikipedia.org/wiki/Anggur
65,Wortel,TRUE,"Wortel (serapan dari bahasa Belanda: wortel) (Daucus carota subsp. sativus) adalah tumbuhan biennial (siklus hidup 12 - 24 bulan) yang menyimpan karbohidrat dalam jumlah besar untuk tumbuhan tersebut berbunga pada tahun kedua. Batang bunga tumbuh setinggi sekitar 1 m, dengan bunga berwarna putih, dan rasa yang manis langu. Bagian yang dapat dimakan dari wortel adalah bagian umbi atau akarnya.

Wortel adalah tumbuhan biennial dalam famili umbellifer, Apiaceae. Pada awalnya, ia menumbuhkan roset daun sambil membangun akar tunggang yang membesar. Kultivar yang tumbuh cepat matang dalam waktu tiga bulan (90 hari) setelah menabur benih, sedangkan kultivar yang lebih lambat membutuhkan waktu satu bulan lebih lama (120 hari). Akarnya mengandung alfa dan beta-karoten dalam jumlah tinggi, dan merupakan sumber vitamin K dan vitamin B6 yang baik.",Daucus,Loam,https://id.wikipedia.org/wiki/Wortel
66,Rosemari,TRUE,"Rosemari (Salvia rosmarinus) adalah tumbuhan yang menghasilkan rempah-rempah dan bumbu masak dengan nama yang sama. Di Indonesia, tumbuhan ini lebih dikenal dengan nama bahasa Inggrisnya, rosemary, karena generasi sekarang mungkin tidak mengenal nama bumbu ini dalam bahasa Belanda. Rosemari sering digunakan dalam kuliner kawasan Laut Tengah, seperti masakan Italia, Yunani/Turki, serta daerah Levantia.

Tumbuhan ini memiliki ketahanan terhadap kondisi kering dan dikenal memiliki khasiat pengobatan serta dapat berfungsi sebagai pengusir serangga dan hama lainnya. Teh rosemari diyakini dapat membantu mengatasi masalah reumatik dan gejala flu. Selain itu, rosemari banyak mengandung kalsium, zat besi, dan Vitamin B6. Tanaman ini dapat digunakan baik sebagai bahan untuk teh maupun sebagai bahan makanan.",Salvia rosmarinus,Loam,https://id.wikipedia.org/wiki/Rosemari
67,Timi,TRUE,"Timi (Thymus) adalah tanaman dengan lebih dari 350 spesies. Tanaman ini dikenal memiliki khasiat universal yang bermanfaat. Ketika daunnya digunakan untuk membuat teh, timi dapat membantu dalam proses pencernaan dan mengatasi gejala demam. Tanaman ini umumnya ditanam di wilayah Eropa, Afrika Utara, dan Asia.

Timi sangat cocok digunakan sebagai bahan untuk teh dan sebagai bahan makanan. Selain memberikan cita rasa yang khas, tanaman ini juga dikenal memiliki sejumlah manfaat kesehatan. Pencernaan yang lebih baik dan kemampuan untuk meredakan gejala demam adalah beberapa manfaat yang dapat diperoleh dari penggunaan timi. Dengan cakupan geografis yang luas, tanaman ini menjadi bagian integral dari berbagai tradisi kuliner dan pengobatan di berbagai belahan dunia.",Thymus,Loam,https://id.wikipedia.org/wiki/Timi
68,Sage,TRUE,"Salvia officinalis adalah sebuah spesies tumbuhan yang termasuk dalam keluarga Lamiaceae dan ordo Lamiales. Tanaman ini menjadi bagian dari genus Salvia.

Tanaman sage dikenal dengan sejumlah nama umum, termasuk sage, garden sage, atau common sage. Tanaman ini dikenal karena daunnya yang aromatik dan digunakan sebagai rempah-rempah dalam berbagai resep masakan. Selain itu, sage juga memiliki nilai tradisional dalam pengobatan herbal dan diyakini memiliki sejumlah manfaat kesehatan.",Salvia officinalis,Loam,https://id.wikipedia.org/wiki/Salvia_officinalis
69,Parsley,TRUE,"Peterseli/Parsley (Petroselinum crispum) adalah tanaman dengan warna hijau yang sering digunakan sebagai bahan makanan, terutama dalam bentuk daun segar. Tanaman ini memiliki kandungan zat besi yang signifikan, menjadikannya pilihan yang baik untuk memperkaya nilai gizi dalam diet.

Peterseli umumnya digunakan sebagai bahan makanan penyedap rasa, memberikan sentuhan segar pada hidangan seperti pizza dan spaghetti. Selain daunnya, peterseli juga dapat dimanfaatkan dalam berbagai bentuk, termasuk minyak ekstrak dan akar, untuk memberikan variasi rasa dan aroma pada masakan.

Selain memberikan cita rasa yang khas, peterseli juga dapat menyumbang manfaat kesehatan, terutama karena kandungan zat besi yang tinggi. Dengan sifatnya yang serbaguna, peterseli sering menjadi tambahan yang populer dalam berbagai hidangan untuk memberikan nuansa segar dan penyedap alami.",Petroselinum crispum,Loam,https://id.wikipedia.org/wiki/Peterseli
70,Mint,TRUE,"Min atau pudina (bahasa Inggris: mint, dari bahasa Yunani: μίνθα, translit. míntha; nama ilmiah Mentha) adalah genus tumbuhan dalam famili Lamiaceae. Pembagian spesies dalam genus Mentha tidak memiliki batasan yang jelas. Menurut sumbernya, jumlah spesies dapat berkisar antara 13 hingga 24. Persilangan alami yang sering terjadi membuat persebaran beberapa spesies saling tumpang tindih. Banyak varietas hibrida dan kultivar dari tumbuhan ini yang diketahui.

Tumbuhan min tersebar luas dan merata di Eropa, Afrika, Asia, Australia, dan Amerika Utara. Kebanyakan tumbuh dengan baik di lingkungan yang basah dengan tanah yang lembab. Tanaman min dapat tumbuh setinggi 10–120 cm dan dapat menyebar ke segala tempat, termasuk tempa-tempat yang tidak diperuntukkan bagi tanaman ini. Karena sifat ini, min sering dianggap sebagai tumbuhan invasif. Daun mint sering digunakan atau diolah sebagai makanan, minuman, pasta gigi, permen karet, dan permen.",Mentha,Loam,https://id.wikipedia.org/wiki/Min_(tumbuhan)
71,Mawar,TRUE,"Mawar (Rosa) adalah tumbuhan perdu dengan pohon yang berduri, dihiasi oleh bunga yang harum dan berwarna indah, terdiri dari daun bunga yang tersusun rapi. Tumbuhan ini mencakup ratusan jenis, tumbuh secara tegak atau merambat, dengan batang yang berduri dan bunga yang menawarkan keanekaragaman warna seperti merah, putih, merah muda, merah tua, dan beraroma harum. Mawar liar, yang mencakup lebih dari 100 spesies, sebagian besar dapat ditemui di belahan bumi utara dengan iklim sejuk. Jenis ini umumnya berupa semak berduri atau tanaman merambat yang dapat mencapai tinggi 2 sampai 5 meter, meskipun dalam kasus langka, tanaman merambat mawar dapat tumbuh hingga 20 meter di atas tanaman lain.

Sebagian besar spesies mawar memiliki daun panjang sekitar 5-15 cm dengan susunan dua-dua berlawanan (pinnate). Daun majemuk tersebut memiliki 3 hingga 9 atau 13 anak daun, serta daun penumpu (stipula) berbentuk lonjong, tepi beringgit, dan runcing di ujungnya. Mawar, meskipun sebagian besar bukan tanaman tropis, dapat tumbuh hingga setinggi 20 meter di daerah tropis di Asia Tenggara yang selalu hijau sepanjang tahun.

Bunga mawar terdiri dari 5 helai daun mahkota, kecuali jenis tertentu seperti Rosa sericea yang hanya memiliki 4 helai daun mahkota. Mawar menampilkan beragam warna termasuk putih, merah muda, kuning, dan biru pada beberapa spesies. Ovari terletak di bagian bawah daun mahkota dan daun kelopak.",Rosa,Loam,https://id.wikipedia.org/wiki/Mawar
72,Lavender,TRUE,"Lavender atau lavendel (serapan dari Belanda: lavendel) adalah genus tumbuhan berbunga dalam suku Lamiaceae yang tersusun atas 25-30 spesies. Asal tumbuhan ini adalah dari wilayah selatan Laut Tengah sampai Afrika tropis dan ke timur sampai India—Dunia Lama. Genus ini termasuk tumbuhan menahun, tumbuhan dari jenis rumput-rumputan, semak pendek, dan semak kecil. Tanaman ini juga tersebar di Kepulauan Canaria, Afrika Utara dan Timur, Eropa selatan (terutama Prancis selatan), Arabia, dan India; banyak darinya ditanam dan dikembangkan secara luas di iklim sedang sebagai tanaman hias, bahan kuliner, dan ekstrak minyak esensial untuk keperluan komersial. Tumbuhan ini sering ditemukan tumbuh liar di daerah di luar daerah asalnya.",Lavandula,Loam,https://id.wikipedia.org/wiki/Lavender
73,Geranium ,TRUE,"Geranium adalah anggota keluarga Geraniaceae yang mencakup sekitar 300 spesies tumbuhan abadi atau semak. Tumbuhan ini sebagian besar berasal dari Afrika Selatan. Bunga Geranium bervariasi dalam warna, termasuk putih, merah muda, merah, dan ungu. Kebanyakan spesies Geranium yang dibudidayakan merupakan hibrida dengan bunga ganda dan kombinasi warna serta kelopak bunga.

Proses perbanyakan Geranium dapat dilakukan dengan cara stek batang atau menggunakan biji, tetapi umumnya lebih umum dilakukan dengan stek batang. Tanaman ini biasanya mekar pada pertengahan musim panas, meskipun beberapa spesies mekar di musim semi dan musim gugur. Geranium dapat tumbuh dalam kisaran tinggi 6 inci hingga 4 meter tergantung pada varietasnya. Pertumbuhannya optimal terjadi di area dengan sinar matahari penuh dan tanah yang kering.

Selain sebagai tanaman hias, Geranium juga memiliki kegunaan lain. Minyak yang diekstrak dari Geranium, juga dikenal sebagai minyak Pelargonium, memiliki warna pucat kuning-coklat atau kehijauan dan aroma yang mirip dengan mawar. Minyak ini digunakan dalam industri parfum, sabun, dan salep sebagai bahan wewangian yang populer.",Pelargonium,Loam,https://id.wikipedia.org/wiki/Geranium
74,Rhododendron,TRUE,"Rhododendron (/ˌroʊdəˈdɛndrən/), yang sering disebut sebagai rhodies, adalah genus tumbuhan berkayu yang terdiri dari 1,024 spesies. Nama genus ini berasal dari bahasa Yunani Kuno, di mana ""rhódon"" berarti ""mawar"" dan ""déndron"" berarti ""pohon"". Tumbuhan ini termasuk dalam keluarga Ericaceae dan dapat ditemukan di berbagai wilayah, terutama di Asia dan Dataran Tinggi Selatan Pegunungan Appalachian di Amerika Utara. Rhododendron menjadi bunga nasional Nepal. Sebagian besar spesiesnya menghasilkan bunga yang mekar mulai dari akhir musim dingin hingga awal musim panas.",Rhododendron,Loam,https://id.wikipedia.org/wiki/Rhododendron
75,Kelapa Sawit,TRUE,"Kelapa sawit adalah jenis tumbuhan yang termasuk dalam genus Elaeis dan ordo Arecaceae. Tumbuhan ini digunakan dalam usaha pertanian komersial untuk memproduksi minyak sawit. Genus ini memiliki dua spesies anggota. Kelapa sawit Elaeis guineensis adalah spesies kelapa sawit yang paling umum dibudidayakan di dunia, terutama di Indonesia, dan sumber utama minyak kelapa sawit dunia. Kelapa sawit Elaeis oleifera adalah tanaman asli Amerika Selatan dan Tengah tropis, dan digunakan secara lokal untuk produksi minyak.

Kelapa sawit merupakan tumbuhan industri sebagai bahan baku penghasil minyak masak, minyak industri, maupun bahan bakar. Indonesia adalah penghasil minyak kelapa sawit terbesar di dunia. Di Indonesia penyebarannya di daerah Aceh, pantai timur Sumatra, Jawa, Kalimantan, dan Sulawesi. Terdapat beberapa spesies kelapa sawit yaitu E. guineensis Jacq., E. oleifera, dan E. odora. Varietas atau tipe kelapa sawit digolongkan berdasarkan dua karakteristik yaitu ketebalan endokarp dan warna buah. Berdasarkan ketebalan endokarpnya, kelapa sawit digolongkan menjadi tiga varietas yaitu Dura, Pisifera, dan Tenera, sedangkan menurut warna buahnya, kelapa sawit digolongkan menjadi tiga varietas yaitu Nigrescens, Virescens, dan Albescens. Secara umum, kelapa sawit terdiri atas beberapa bagian yaitu akar, batang, daun, bunga dan buah. Bagian dari kelapa sawit yang diolah menjadi minyak adalah buah.",Elaeis Guineensis,Loam,https://id.wikipedia.org/wiki/Kelapa_sawit
76,Bambu,TRUE,"Bambu, atau disebut juga buluh atau aur, adalah tanaman berbunga menahun hijau abadi yang termasuk dalam subfamili Bambusoideae dari famili Poaceae. Di beberapa wilayah, bambu dikenal dengan berbagai istilah seperti preng, pring, awi, tamiang, haur, aur, suluh, bangu, tabatiko, dan ute.

Bambu memiliki pertumbuhan yang sangat cepat, bisa mencapai 60 cm (24 inchi) atau lebih dalam sehari, tergantung pada kondisi tanah dan iklim. Sebagai tanaman dengan laju pertumbuhan tertinggi di dunia, bambu dapat tumbuh 100 cm (39 in) dalam 24 jam, meskipun laju pertumbuhan umumnya berkisar antara 3 hingga 10 cm (1,2–3,9 in) per hari. Pada periode Cretaceous, bambu pernah tumbuh secara besar-besaran di wilayah yang sekarang menjadi Asia.

Bambu termasuk dalam keluarga rumput-rumputan, yang menjelaskan laju pertumbuhan tinggi. Ketika dipanen, bambu dapat tumbuh kembali dengan cepat tanpa mengganggu ekosistem. Batang bambu muncul dari permukaan dengan diameter penuh, mencapai tinggi maksimum dalam satu musim tumbuh, dan tidak bertambah tinggi setelah tahun pertama.

Tanaman bambu sebaiknya dipanen pada usia tiga hingga tujuh tahun, saat batangnya mencapai kematangan. Bambu tidak akan menghasilkan tunas baru setelah dipanen atau tumbuh di tempat yang sama setelah runtuh.

Beberapa spesies bambu tropis sensitif terhadap suhu mendekati titik beku, sementara beberapa spesies di iklim sedang dapat bertahan hingga −29 °C (−20 °F). Bambu dari genus Phyllostachys dikategorikan sebagai spesies invasif di Amerika Serikat, dan perdagangan serta perbanyakan mereka ilegal.",Bambusa Vulgaris,Loam,https://id.wikipedia.org/wiki/Bambu
77,Tomat,TRUE,"Tomat merupakan tumbuhan siklus hidup singkat, dapat tumbuh setinggi 1 sampai 3 meter. Tumbuhan ini memiliki buah berwarna hijau, kuning, dan merah yang biasa dipakai sebagai sayur dalam masakan atau dimakan secara langsung tanpa diproses. Cara menanam tanaman tomat adalah disemai lebih dahulu, setelah tumbuh 4 daun sejati kemudian ditanam (dijadikan bibit terlebih dahulu). Panen dimulai usia 9 minggu setelah tanam selanjutnya setiap 5 hari.",Solanum lycopersicum,Loam,https://id.wikipedia.org/wiki/Tomat
78,Brokoli,TRUE,"Brokoli (Brassica oleracea L. Kelompok Italica) adalah tanaman yang sering dibudidayakan sebagai sayur. Brokoli adalah kultivar dari spesies yang sama dengan kubis dan kembang kol, yaitu Brassica oleracea. Brokoli berasal dari daerah Laut Tengah dan sudah sejak masa Yunani Kuno dibudidayakan. Sayuran ini masuk ke Indonesia belum lama (sekitar 1970-an) dan kini cukup populer sebagai bahan pangan.

Bagian brokoli yang dimakan adalah kepala bunga berwarna hijau yang tersusun rapat seperti cabang pohon dengan batang tebal. Sebagian besar kepala bunga tersebut dikelilingi dedaunan. Brokoli paling mirip dengan kembang kol, namun brokoli berwarna hijau, sedangkan kembang kol putih.

Cara menanam brokoli adalah disemai setelah tumbuh 3-4 daun sejati kemudian ditanam (dijadikan bibit terlebih dahulu). Masa panen adalah 55- 100 hari (tergantung varietas). Brokoli merupakan tanaman yang hidup pada cuaca dingin.",Brassica oleracea var. italica,Loam,https://id.wikipedia.org/wiki/Brokoli
79,Bunga Nafas Bayi,TRUE,"Gypsophila Paniculata, juga dikenal sebagai nafas bayi atau gypsophila biasa, adalah tanaman herba berbunga yang berasal dari Eropa tengah dan timur. Tanaman ini memiliki batang bercabang dengan bunga putih kecil yang membentuk awan indah di musim panas, memberinya julukan ""baby's breath."" Nama lainnya mungkin berasal dari aroma tanaman yang mirip susu asam, seperti ""ludah"" ​​bayi.

Habitat alaminya terletak di stepa dengan tanah kering, berpasir, dan berbatu, seringkali berkapur (gypsophila = ""menyukai kapur""). Tanaman ini ditemukan pertama kali oleh Johann Amman, ahli botani Swiss-Rusia, yang mengirimkan spesimen ke Linnaeus dari St. Petersburg.

Gypsophila panikulata populer sebagai tanaman hias taman dan tumbuh subur di tanah basa hingga netral dengan drainase baik di bawah sinar matahari penuh. Berbagai kultivar telah dikembangkan, termasuk 'Rosenschleier' yang mendapatkan Penghargaan Garden Merit dari Royal Horticultural Society dengan bunga ganda berwarna merah muda pucat.

Tanaman ini juga menjadi subjek perdagangan bunga dan sering digunakan sebagai latar belakang yang efektif untuk mekar yang lebih besar atau lebih terstruktur. Gypsophila panikulata dikomersialkan di Peru dan menjadi bagian utama dari ekspor bunga negara tersebut. Di Amerika Serikat, tanaman ini umumnya ditanam dan dijual untuk penggunaan dalam korsase.",Gypsophila Paniculata,Loam,https://en.wikipedia.org/wiki/Gypsophila_paniculata
80,Stroberi,TRUE,"Stroberi adalah buah dari keluarga Rosaceae yang memiliki banyak varietas, namun yang paling banyak dikembangbiakkan adalah stroberi kebun. Buah stroberi berwarna hijau keputihan ketika sedang berkembang, dan pada kebanyakan spesies berubah menjadi merah ketika masak. Namanya berasal dari bahasa Inggris kuno streawberige yang merupakan gabungan dari streaw atau ""straw"" dan berige atau ""berry"".",Fragaria × ananassa,Loam,https://id.wikipedia.org/wiki/Stroberi_kebun
81,Zukini,TRUE,"Zukini (dari bahasa Italia, zucchini (jamak) atau zucchino (tunggal)) adalah sejenis labu kecil yang buahnya dipanen sebelum matang untuk dijadikan sayuran. Sayuran ini merupakan salah satu bentuk budi daya dari Cucurbita pepo. Di Prancis, Inggris, dan negara-negara Benelux sayuran ini lebih populer sebagai courgette (dibaca ""kurzet""). Warna luar buahnya bisa kuning serta hijau tua atau muda. Bentuknya biasanya mirip mentimun, meskipun ada pula yang berbentuk bulat atau seperti botol, tergantung kultivarnya.",Cucurbita pepo var. cylindrical,Loam,https://id.wikipedia.org/wiki/Zukini
82,Mawar,TRUE,"Tumbuhan perdu, pohonnya berduri, bunganya berbau wangi dan berwarna indah, terdiri atas daun bunga yang bersusun. Mawar tumbuh subur di daerah beriklim sedang walaupun beberapa kultivar yang merupakan hasil metode penyambungan (grafting) dapat tumbuh di daerah beriklim subtropis hingga daerah beriklim tropis. Mawar dapat bermanfaat untuk antidepresan, antiviral, antibakteri, antiperadangan, dan sumber vitamin C.",Rosa,Clay,https://id.wikipedia.org/wiki/Mawar
83,Stroberi,TRUE,"Stroberi adalah buah dari keluarga Rosaceae yang memiliki banyak varietas, namun yang paling banyak dikembangbiakkan adalah stroberi kebun. Buah stroberi berwarna hijau keputihan ketika sedang berkembang, dan pada kebanyakan spesies berubah menjadi merah ketika masak. Namanya berasal dari bahasa Inggris kuno streawberige yang merupakan gabungan dari streaw atau ""straw"" dan berige atau ""berry"".",Fragaria × ananassa,Clay,https://id.wikipedia.org/wiki/Stroberi_kebun
84,Jeruk,TRUE,"Pohon jeruk banyak ditanam di iklim tropis dan subtropis karena bisa menghasilkan buah yang manis. Buah jeruk dapat dimakan segar atau diolah untuk jus, sedangkan kulitnya bisa dimanfaatkan untuk bumbu karena harum.",Citrus Sinensis,Clay,https://id.wikipedia.org/wiki/Jeruk
85,Apel,TRUE,"Buah apel biasanya berwarna merah kulitnya jika masak dan siap dimakan, tetapi bisa juga kulitnya berwarna hijau atau kuning. Kulit buahnya agak lembek dan daging buahnya keras. Buah apel memiliki beberapa biji di dalamnya.Orang mulai pertama kali menanam apel di Asia Tengah. Kini apel berkembang di banyak daerah di dunia yang suhu udaranya lebih dingin. Kebanyakan apel bagus dimakan mentah (tidak dimasak), dan juga digunakan banyak jenis makanan pesta. Apel dimasak sampai lembek untuk dibuat saus apel. Apel juga dibuat untuk menjadi minuman sari buah apel.",Malus Domestica,Clay,https://id.wikipedia.org/wiki/Apel
86,Pisang,TRUE,"Pisang dapat tumbuh subur di wilayah dengan musim kemarau yang berlangsung hingga 4,5 bulan. Curah hujan yang diperlukan oleh pisang untuk tumbuh dengan subur adalah 650 hingga 5.000 mililiter per tahun. Pisang dapat dipanen kapan saja, karena pertumbuhannya yang sesuai dengan segala jenis musim. Kematian pohon pisang hanya terjadi ketika berbuah hanya sekali semasa hidupnya. Buah pisang dapat langsung dimakan atau dimasak terlebih dahulu. Nutrisi di dalam pisang bermanfaat bagi kesehatan tubuh manusia dan dapat pula dibuat sebagai obat tradisional.",Musa,Clay,https://id.wikipedia.org/wiki/Pisang
87,Kentang,TRUE,"Tanaman ini merupakan herba (tanaman pendek tidak berkayu) semusim dan menyukai iklim yang sejuk. Di daerah tropis cocok ditanam di dataran tinggi. Kentang dikenali orang sebagai makanan pokok di luar negeri. Ini karena kentang mengandung karbohidrat. Di Indonesia sendiri, kentang masih dianggap sebagai sayuran yang mewah. Namun demikian, kentang adalah makanan yang enak serta sangat bernutrisi.Kentang juga dikenali mengandung sejumlah vitamin dari A, B-kompleks, hingga C, hingga asam folat, juga mineral, protein, karbohidrat, karotenoid, dan polifenol. Dalam kentang ini, juga ada zat solanin yang dikenal sebagai obat penenang, antikejang, antijamur, dan pestisidal.",Solanum Tuberosum,Clay,https://id.wikipedia.org/wiki/Kentang
88,Tomat,TRUE,"Tomat merupakan tumbuhan siklus hidup singkat, dapat tumbuh setinggi 1 sampai 3 meter. Tumbuhan ini memiliki buah berwarna hijau, kuning, dan merah yang biasa dipakai sebagai sayur dalam masakan atau dimakan secara langsung tanpa diproses. Cara menanam tanaman tomat adalah disemai lebih dahulu, setelah tumbuh 4 daun sejati kemudian ditanam (dijadikan bibit terlebih dahulu). Panen dimulai usia 9 minggu setelah tanam selanjutnya setiap 5 hari.",Solanum lycopersicum,Clay,https://id.wikipedia.org/wiki/Tomat
89,Kubis,TRUE,"Dalam budidaya, kubis adalah komoditas semusim. Secara biologi, tumbuhan ini adalah dwimusim dan memerlukan vernalisasi untuk pembungaan. Apabila tidak mendapat suhu dingin, tumbuhan ini akan terus tumbuh tanpa berbunga. Setelah berbunga, tumbuhan mati. Pada umumnya, kubis akan bertumbuh dengan baik manakala ia ditanam di dataran tinggi dengan ketinggian antara 1000-3000 mdpl. Kubis menyukai tanah yang sarang dan tidak becek. Meskipun relatif tahan terhadap suhu tinggi, produk kubis ditanam di daerah pegunungan (400m dpl ke atas) di daerah tropis.",Brassica oleracea,Clay,https://id.wikipedia.org/wiki/Kubis
90,Lavender,TRUE,"Lavender adalah tanaman dari wilayah selatan Laut Tengah sampai Afrika tropis dan ke timur sampai India. Tanaman ini termasuk tanaman dari jenis rumput-rumputan, semak pendek, dan semak kecil. Tanaman ini juga cocok hidup di wilayah tropis, termasuk Indonesia. Tanaman ini merupakan merupakan salah satu tanaman yang banyak digunakan sebagai komposisi atau bahan dalam berbagai produk kosmetik, liln aroma terapi, serta obat nyamuk.",Lavandula,Clay,https://id.wikipedia.org/wiki/Lavender
91,Kacang Panjang,TRUE,"Kacang panjang adalah salah satu tanaman sayuran yang populer dalam kuliner Asia Tenggara dan Asia Timur. Buah polongnya dimasak sebagai sayur atau dimakan mentah sebagai lalapan. Ia tumbuh dengan cara memanjat atau melilit. Bagian yang dijadikan sayur atau lalapan adalah buah (polong) yang masih muda dan serat-seratnya masih lunak.
Cara menanam tanaman kacang panjang adalah tanam langsung dengan memasukan 2–3 biji kedalam lubang sedalam 1–2 cm kemudian ditimbun tanah, berbunga pada umur 30 hari dan mulai panen umur 45 hari.",Vigna unguiculata,Clay,https://id.wikipedia.org/wiki/Kacang_panjang
92,Melon,TRUE,"Melon merupakan tumbuhan semusim, merambat tetapi menjalar, tidak memanjat. Daun berbentuk menjari dengan lekuk moderat sehingga seperti lingkaran bersudut. Batangnya biasanya tidak berkayu. Panen melon biasanya dilakukan setelah melon mulai berbuah, umumnya pada umur 20 hari setelah tanam. Buah sudah bisa diseleksi dan dipelihara hingga hari ke-60 setelah masa tanam untuk dipanen. Buah yang siap dipanen mempunyai ciri-ciri warna kulit yang mulai putih kekuningan, kulit buah putih berwarna kekuningan.",Cucumis melo L.,Clay,https://agri.kompas.com/read/2023/06/26/183927484/cara-menanam-melon-di-polybag-bisa-di-halaman-rumah?page=all
93,Kacang Hijau,TRUE,"Kacang hijau adalah sejenis palawija yang dikenal luas di daerah tropis yang termasuk suku polong-polongan dengan banyak manfaat dalam kehidupan sehari-hari sebagai sumber bahan pangan berprotein nabati tinggi. Kacang hijau di Indonesia menempati urutan ketiga terpenting sebagai tanaman pangan legum, setelah kedelai dan kacang tanah. Bagian paling bernilai ekonomi adalah bijinya. Biji kacang hijau direbus hingga lunak dan dimakan sebagai bubur atau dimakan langsung. Biji matang yang digerus dan dijadikan sebagai isi onde-onde, bakpau, atau gandas turi. Kecambah kacang hijau menjadi sayuran yang umum dimakan di kawasan Asia Timur dan Asia Tenggara dan dikenal sebagai tauge.",Vigna radiata,Clay,https://id.wikipedia.org/wiki/Kacang_hijau
94,Peperomia Obtusifolia,TRUE,Peperomia Obtusifolia adalah salah satu jenis tanaman hias populer yang banyak dipelihara orang. Tanaman ini menyukai cahaya terang tapi tidak langsung. Hindari meletakkannya di bawah sinar matahari penuh karena daunnya bisa terbakar dan menyukai kelembapan udara sekitar 50-60%,Peperomia,Clay,https://daunsuper.com/peperomia-obtusifolia/
95,Cendana,TRUE,"Cendana adalah pohon penghasil kayu cendana dan minyak cendana. Kayunya digunakan sebagai rempah-rempah, bahan dupa, aromaterapi, campuran parfum, serta sangkur keris. Cendana umumnya dijumpai pada daerah dengan kisaran curah hujan tahunan antara 600-2.000 mm. Habitat asli tempat tumbuh cendana biasanya mempunyai musim kering yang lama dan musim hujan yang pendek, 2- 3 bulan per tahun. Pohon cendana tidak menyukai daerah yang tergenang air, khususnya sewaktu pohonnya masih muda, meski hal ini agak kurang berpengaruh terhadap pohon yang sudah dewasa atau tua. Daerah-daerah yang selalu basah kurang baik untuk pertumbuhan cendana.",Santalum album,Clay,https://id.wikipedia.org/wiki/Cendana
96,Maple,TRUE,"Maple adalah pohon atau semak yang terdapat sekitar 128 spesies, kebanyakan berasal dari Asia, dengan beberapa juga ada di Eropa, Afrika utara, dan Amerika Utara. Hanya satu spesies, Acer laurinum, yang ada di Hemisfer Selatan. Spesies khas dari genus tersebut adalah maple sikamor, Acer pseudoplatanus, spesies maple paling umum di Eropa.[3] Di Indonesia, tumbuhan ini hanya ditemukan di sebagian kecil Sumatra dan Jawa. Biasanya ditemukan tumbuh liar di lahan kosong, hutan, atau gunung. Getah xilem daun maple diambil sebagai bahan baku pembuatan sirup maple yang digunakan untuk bahan pelengkap roti dan kue.",Acer,Clay,https://id.wikipedia.org/wiki/Maple
97,Buah Naga,TRUE,"Buah naga adalah buah dari jenis kaktus yang berasal dari Meksiko, Amerika Tengah dan Amerika Selatan namun sekarang juga dibudidayakan di negara-negara Asia seperti Taiwan, Vietnam, Filipina, Indonesia dan Malaysia. Buah naga dapat berkembang dengan kondisi tanah dan ketinggian lokasi apapun, tetapi tumbuhan ini cukup rakus akan unsur hara, sehingga apabila tanah mengandung pupuk yang bagus, maka pertumbuhannya akan baik. Dalam waktu 1 tahun, pohon buah naga dapat mencapai ketinggian 3 meter lebih.",Hylocereus polyrhizus,Clay,https://id.wikipedia.org/wiki/Buah_naga
98,Coneflowers,TRUE,"Bunga yang sekilas mirip jenis aster ini juga cocok tumbuh diatas lahan kasar. Punya batang yang kuat dan berbunga lebar, tampilan bunga ini bakal memikat siapapun yang lewat. Walaupun lebih menyukai kondisi lahan yang lembap, tapi tanaman ini cukup bisa bertahan di kondisi gersang. Coneflower juga butuh banyak setoran cahaya, jadi hindari lahan yang teduh ya. Kamu bisa temukan benih tanaman dengan berbagai varian warna, seperti nuansa pink, ungu, putih, hingga merah.",Echinacea,Clay,https://www.idntimes.com/life/diy/senja-sandera/rekomendasi-tanaman-yang-cocok-ditanam-di-lahan-kasar-c1c2
99,Bunga Matahari,TRUE,"Bunga matahari mampu hidup di daerah subtropis maupun tropis bahkan pada ketinggian hingga 1.500 mdpl. Untuk tumbuh dengan baik, bunga matahari membutuhkan sinar matahari penuh. Dalam penanaman komersial, benih ditanam dengan jarak 45 cm dan kedalaman 2,5 cm (0,98 in). Kuaci, atau biji bunga matahari, dijual sebagai makanan ringan mentah, atau setelah dipanggang dalam oven, dengan atau tanpa garam dan/atau bumbu yang ditambahkan. Bunga matahari dapat diolah menjadi alternatif selai kacang, selai bunga matahari.",Helianthus annuus L.,Clay,https://id.wikipedia.org/wiki/Bunga_matahari_biasa
100,Buncis,TRUE,"Buncis adalah sejenis polong-polongan yang dapat dimakan. Buah, biji, dan daunnya dimanfaatkan orang sebagai sayuran. Sayuran ini kaya dengan kandungan protein dan vitamin ini membantu menurunkan tekanan darah serta mengawal metabolisme gula dalam darah dan amat sesuai dimakan oleh mereka yang mengidap penyakit diabetes atau hipertensi. Kandungan serat dan enzim yang tinggi dapat membantu penurunan berat badan. Cara menanam tanaman buncis adalah tanam langsung dengan memasukan 2-3 biji kedalam lubang sedalam 1- 2 cm kemudian ditimbun tanah, panen biasanya sudah bisa dilakukan setelah 60 hari atau polong kacang sudah cocok disayur.",Phaseolus vulgaris,Clay,https://id.wikipedia.org/wiki/Buncis
101,Terong,TRUE,"Terung atau terong adalah tumbuhan penghasil buah yang dijadikan sayur-sayuran. Asalnya adalah India dan Sri Lanka. Tanaman ini tumbuh hingga 40–150 cm tingginya. Daunnya besar, dengan lobus yang kasar. Jenis-jenis setengah liar lebih besar dan tumbuh hingga setinggi 225 cm (7 kaki), dengan daun yang melebihi 30 cm dan 15 cm panjangnya. Batangnya biasanya berduri. Warna bunganya antara putih hingga ungu, dengan mahkota yang memiliki lima lobus. Benang sarinya berwarna kuning. Cara menanam tanaman terung adalah disemai, setelah tumbuh 4 daun sejati kemudian ditanam (dijadikan bibit terlebih dahulu). Panen dimulai pada 70-80 hari setelah semai selanjutnya setiap 5 hari.",Solanum melongena,Clay,https://id.wikipedia.org/wiki/Terung
102,Willow,TRUE,"Tanaman ini terkenal karena khasiatnya sebagai sumber aspirin alami yang dapat membantu meredakan rasa sakit dan peradangan. Melalui senyawa salicin yang terdapat dalam kulitnya, pohon willow telah digunakan secara tradisional sebagai obat herbal.  Akar willow yang kuat membuatnya menjadi pilihan yang efektif dalam pengendalian erosi tanah, rehabilitasi lahan basah, dan peningkatan kualitas air. Pohon willow tumbuh subur di bawah sinar matahari penuh dan tanah subur yang lembab dan memiliki drainase yang baik.",Salix,Silt,https://www.liputan6.com/hot/read/5454824/pohon-willow-manfaat-cara-menanam-dan-cara-merawatnya?page=5
103,Asparaguss,TRUE,"Asparagus adalah suatu jenis sayuran dari satu spesies tumbuhan genus Asparagus. Asparagus telah digunakan sejak lama sebagai bahan makanan karena rasanya yang sedap dan sifat diuretiknya untuk memperlancar saluran urin sehingga mampu memperbaiki kinerja ginjal. Asparagus merupakan sumber terbaik asam folat nabati, sangat rendah kalori, tidak mengandung lemak atau kolesterol, serta mengandung sangat sedikit natrium. ",Asparagus officinalis,Silt,https://id.wikipedia.org/wiki/Asparagus
104,Arbei Gunung,TRUE,"Tumbuhan ini dapat dijumpai di Asia Tenggara, Himalaya, Asia Timur dan bagian timur Australia. Tumbuhan ini hanya tumbuh di dataran tinggi pada ketinggian +-1000 meter diatas permukaan laut. Tumbuhan ini dapat dijumpai diarea terbuka atau didalam hutan. Buahnya berukuran 2 cm dan dapat dimakan ketika sudah matang saat buah sudah berwarna merah.[3] Buah dari tumbuhan ini berjenis buah agregat. Tumbuhan ini berbentuk semak. Batangnya memiliki duri yang tajam. Sering dijumpai ada anakan yang tumbuh dibawah tumbuhan ini.",Rubus rosifolius,Silt,https://id.wikipedia.org/wiki/Arbei_gunung
105,Bunga Iris,TRUE,"Tumbuhan ini yang mempunyai bunga berwarna kuning cerah dengan corak hitam di bagian tengah (bentuknya seperti bunga anggrek). Tumbuhan ini berasal dari Afrika Barat dan Amerika Selatan, namun juga dapat ditemukan di Indonesia. Salah satu tempat persebarannya adalah Gunung Prau. Umumnya, bunga iris dapat dimanfaatkan sebagai tumbuhan hias dalam ruang dan diperjualbelikan secara bebas. Tumbuhan ini merupakan salah satu jenis tumbuhan yang memiliki bentuk dan warna yang menarik dapat ditanam di dalam pot maupun di halaman rumah. Bunga ini memiliki manfaat untuk mengobati hepatitis, gusi bengkak, mual, sembelit dan rematik.",Neomarica longifolia,Silt,https://id.wikipedia.org/wiki/Bunga_iris
106,Jeruju,TRUE,"Jeruju merupakan tumbuhan semak dari keluarga Acanthaceae. Tumbuhan ini asli dari Australia, Australasia, dan Asia Tenggara. Tumbuhan ini biasanya digunakan untuk mengobati asma dan rematik. Jeruju umumnya tumbuh liar didaerah pantai, tepi sungai, serta tempat lain yang tanahnya berlumpur dan berair payau. Buah jeruju ditumbuk untuk mengatasi luka bakar, Daunnya dipakai untuk mengobati rematik, Perasan buah atau akar kadang-kadang digunakan untuk mengatasi gigitan ular atau terkena panah beracun. Tumbuhan ini juga bisa dipakai sebagai pakan ternak.",Acanthus ilicifolius,Silt,https://id.wikipedia.org/wiki/Jeruju
107,Talas,TRUE,"Talas merupakan tumbuhan penghasil umbi-umbian yang cukup penting. Talas merupakan makanan pokok, selain sukun, di beberapa kepulauan di Oseania. Di Indonesia, talas populer ditanam di hampir semua daerah. Umbi ini mengandung getah yang gatal, yang berbeda-beda ketajamannya menurut jenisnya, sehingga harus dimasak terlebih dulu sebelum dapat dikonsumsi. Terlalu banyak memakan talas menimbulkan rasa begah dan gangguan pencernaan. Umbi talas dapat diolah dengan cara dikukus, direbus, dipanggang, digoreng, atau diolah menjadi tepung, bubur, dan kue-kue.",Colocasia esculenta L.,Silt,https://id.wikipedia.org/wiki/Talas
108,Selada,TRUE,"Selada adalah tumbuhan sayur yang biasa ditanam di daerah beriklim sedang maupun daerah tropika. Kegunaan utama adalah sebagai salad. Selada digunakan dalam berbagai hidangan, termasuk sup, sandwich, dan bahkan bisa dipanggang. Selada umumnya ditanam sebagai tanaman kuat dan cukup mudah dikelola, namun membutuhkan suhu yang agak rendah untuk menghindari pembungaan segera",Lactuca sativa,Silt,https://id.wikipedia.org/wiki/Selada_(tumbuhan)
109,Eceng Gondok,TRUE,"Eceng gondok adalah salah satu jenis tumbuhan air mengapung. Selain dikenal dengan nama eceng gondok, di beberapa daerah di Indonesia, eceng gondok mempunyai nama lain seperti di daerah Palembang dikenal dengan nama Kelipuk, di Lampung dikenal dengan nama Ringgak, di Dayak dikenal dengan nama Ilung-ilung, di Manado dikenal dengan nama Tumpe. Eceng gondok memiliki kecepatan tumbuh yang tinggi sehingga tumbuhan ini dianggap sebagai gulma yang dapat merusak lingkungan perairan. Eceng gondok dengan mudah menyebar melalui saluran air ke badan air lainnya.",Pontederia crassipes,Silt,https://id.wikipedia.org/wiki/Eceng_gondok
110,Kangkung,TRUE,"Kangkung adalah tumbuhan yang termasuk jenis sayur-sayuran dan ditanam sebagai makanan. Kangkung banyak terdapat di kawasan Asia, dan merupakan tumbuhan yang dapat dijumpai hampir di mana-mana terutama di kawasan berair. Ada dua jenis penanaman diusahakan: kering dan basah. Dalam keduanya, sejumlah besar bahan organik (kompos) dan air diperlukan agar tanaman ini dapat tumbuh dengan subur. Dalam penanaman kering, kangkung ditanam pada jarak 5 inci pada batas dan ditunjang dengan kayu sangga. Kangkung dapat ditanam dari biji benih atau keratan akar. Ia sering ditanam pada semaian sebelum dipindahkan di kebun. Daun kangkung dapat dipanen setelah 6 minggu ia ditanam.",Ipomoea aquatica,Silt,https://id.wikipedia.org/wiki/Kangkung
111,Mawar,TRUE,"Tumbuhan perdu, pohonnya berduri, bunganya berbau wangi dan berwarna indah, terdiri atas daun bunga yang bersusun. Mawar tumbuh subur di daerah beriklim sedang walaupun beberapa kultivar yang merupakan hasil metode penyambungan (grafting) dapat tumbuh di daerah beriklim subtropis hingga daerah beriklim tropis. Mawar dapat bermanfaat untuk antidepresan, antiviral, antibakteri, antiperadangan, dan sumber vitamin C.",Rosa,Silt,https://id.wikipedia.org/wiki/Mawar
112,Hosta,TRUE,"Hosta adalah genus dari sekitar 23–40 spesies tanaman yang mirip dengan lili dan merupakan tanaman asli wilayah Asia Timur Laut. Hosta biasanya membutuhkan naungan dan tumbuh subur di tanah lembap, sehingga menjadi pilihan untuk tanah berlumpur. Umumnya ditanam untuk diambil dedaunannya, tersedia lebih dari 40 varietas. Hosta bersifat abadi, atau kuat, di zona tahan banting.",Hosta,Silt,https://www.hunker.com/13406965/types-of-plants-grown-in-silty-soil
113,Albizia,TRUE,"Albizia adalah genus dari sekitar 150 spesies pohon dan semak yang kebanyakan tumbuh cepat subtropis dan tropis di subfamili Mimosoideae dari famili Fabaceae. Genus ini pantropis, terjadi di Asia, Afrika, Madagaskar, Amerika dan Australia, tetapi kebanyakan di daerah tropis. Di beberapa lokasi, beberapa spesies dianggap rumput liar.",Albizia julibrissin,Silt,https://id.wikipedia.org/wiki/Albizia
114,Sawi,TRUE,"Sawi adalah sekelompok tumbuhan dari genus Brassica yang dimanfaatkan daun atau bunganya sebagai bahan pangan (sayuran), baik segar maupun diolah. Di Indonesia penyebutan sawi biasanya mengacu pada sawi hijau (Brassica rapa kelompok parachinensis, yang disebut juga sawi bakso, caisim, atau caisin). Selain itu, terdapat pula sawi putih (Brassica rapa kelompok pekinensis, disebut juga petsai) yang biasa dibuat sup atau diolah menjadi asinan. Jenis lain yang kadang-kadang disebut sebagai sawi hijau adalah sesawi sayur (untuk membedakannya dengan caisim). Sawi sendok (pakcoy atau bok choy) merupakan jenis sayuran daun kerabat sawi yang mulai dikenal pula dalam dunia boga Indonesia.Jenis sawi sendok ini lebih cocok untuk ditumis.",Brassica chinensis var. parachinensis,Silt,https://id.wikipedia.org/wiki/Sawi
115,Bayam,TRUE,Bayam adalah tumbuhan yang biasa ditanam untuk dikonsumsi daunnya sebagai sayuran hijau. Tumbuhan ini berasal dari Amerika tropik namun sekarang tersebar ke seluruh dunia. Tumbuhan ini dikenal sebagai sayuran sumber zat besi yang penting bagi tubuh. Bayam relatif tahan terhadap pencahayaan langsung karena merupakan tumbuhan C4. Bayam sebagai sayur hanya umum dikenal di Asia Timur dan Asia Tenggara,Amaranthus,Silt,https://id.wikipedia.org/wiki/Bayam
116,Kedelai,TRUE,"Kedelai, atau kacang kedelai, adalah salah satu tanaman jenis polong-polongan yang menjadi bahan dasar banyak makanan dari Asia Timur seperti susu, kecap, tahu, dan tempe. Kedelai merupakan sumber utama protein nabati dan minyak nabati dunia. Penghasil kedelai utama dunia adalah Amerika Serikat meskipun kedelai praktis baru dibudidayakan masyarakat di luar Asia setelah 1910. Kedelai merupakan tumbuhan serbaguna. Karena akarnya memiliki bintil pengikat nitrogen bebas, kedelai merupakan tanaman dengan kadar protein tinggi sehingga tanamannya digunakan sebagai pupuk hijau dan pakan ternak.",Glycine Max,Silt,https://id.wikipedia.org/wiki/Kedelai
117,Pisang,TRUE,"Pisang dapat tumbuh subur di wilayah dengan musim kemarau yang berlangsung hingga 4,5 bulan. Curah hujan yang diperlukan oleh pisang untuk tumbuh dengan subur adalah 650 hingga 5.000 mililiter per tahun. Pisang dapat dipanen kapan saja, karena pertumbuhannya yang sesuai dengan segala jenis musim. Kematian pohon pisang hanya terjadi ketika berbuah hanya sekali semasa hidupnya. Buah pisang dapat langsung dimakan atau dimasak terlebih dahulu. Nutrisi di dalam pisang bermanfaat bagi kesehatan tubuh manusia dan dapat pula dibuat sebagai obat tradisional.",Musa,Silt,https://id.wikipedia.org/wiki/Pisang
118,Rambutan,TRUE,"Rambutan merupakan tanaman tropis yang termasuk ke dalam suku lerak-lerakan atau Sapindaceae, berasal dari daerah kepulauan di Asia Tenggara. Rambutan banyak terdapat di daerah tropis seperti Afrika, Kamboja, Karibia, Amerika Tengah, India, Indonesia, Malaysia, Filipina, Thailand, dan Sri Lanka. Tumbuhan ini menghasilkan bunga setelah tujuh tahun jika ditanam dari biji, tetapi pada usia 2 tahun sudah dapat berbunga jika diperbanyak secara vegetatif.",Nephelium lappaceum,Silt,https://id.wikipedia.org/wiki/Rambutan
119,Bunga Melati,TRUE,"Melati merupakan tanaman bunga hias berupa perdu berbatang tegak yang hidup menahun. Melati merupakan genus dari semak dan tanaman merambat dalam keluarga zaitun. Bunga melati bermanfaat untuk bunga tabur, bahan industri minyak wangi, kosmetika, parfum, farmasi, penghias rangkaian bunga dan bahan campuran atau pengharum teh, seperti teh melati yang populer di Indonesia.",Jasminum,Silt,https://id.wikipedia.org/wiki/Melati
120,Mangga,TRUE,"Mangga berasal dari daerah di sekitar perbatasan India dengan Burma, dan mangga telah menyebar ke Asia Tenggara sekitar 1500 tahun yang silam. Buah ini dikenal pula dalam berbagai bahasa daerah, seperti pelem atau poh. Buah mangga pada dasarnya merupakan golongan buah rendah kalori. Dalam satu buah mangga hanya terkandung sekitar 100–110 kalori. Kendati demikian, buah ini kaya akan antioksidan (polifenol dan beta karoten) dan sejumlah nutrisi lain yang bermanfaat bagi kesehatan.",Mangifera indica,Silt,https://id.wikipedia.org/wiki/Mangga
121,Ubi Jalar,TRUE,"Ubi jalar, ubi rambat, ubi manis, ubi jawa, ubi jenderal, petatas, ketela , atau ketela rambat (Ipomoea batatas) adalah sejenis tanaman budidaya. Bagian yang dimanfaatkan adalah akarnya yang membentuk umbi dengan kadar gizi (karbohidrat) yang tinggi. Di Asia, selain dimanfaatkan umbinya, daun muda ubi jalar juga dibuat sayuran. Terdapat pula ubi jalar yang dijadikan tanaman hias karena keindahan daunnya. Ubi jalar dapat dibudidayakan melalui stolon/batang rambatnya. cara menanamnya cukup mudah, dengan mencangkul lahan yang mau ditanami sehingga stolon/batang rambat ubi jalar mudah dimasukkan dalam tanah.",Ipomoea batatas,Silt,https://id.wikipedia.org/wiki/Ubi_jalar